peak_apex	peak_lower	peak_upper	PSMs	peak_signal	percent_also_in_unmodified	mapped_mass_1	mapped_mass_2	similarity	rt_shift	int_log2fc	localized_PSMs	n-term_localization_rate	AA1	AA1_enrichment_score	AA1_psm_count	AA2	AA2_enrichment_score	AA2_psm_count	AA3	AA3_enrichment_score	AA3_psm_count	plex1_PSMs	plex2_PSMs	plex3_PSMs	plex4_PSMs	plex5_PSMs	plex6_PSMs	plex7_PSMs	plex1_percent_PSMs	plex2_percent_PSMs	plex3_percent_PSMs	plex4_percent_PSMs	plex5_percent_PSMs	plex6_percent_PSMs	plex7_percent_PSMs	plex1_peptides	plex2_peptides	plex3_peptides	plex4_peptides	plex5_peptides	plex6_peptides	plex7_peptides	plex1_percent_also_in_unmodified	plex2_percent_also_in_unmodified	plex3_percent_also_in_unmodified	plex4_percent_also_in_unmodified	plex5_percent_also_in_unmodified	plex6_percent_also_in_unmodified	plex7_percent_also_in_unmodified
304.21060	304.20060	304.22060	19780	61.19	100.00	Representative mass and accurate mass for 113, 114, 116 & 117		0.225	995.0	NaN	19767	80.25	K	8.3	3280	Y	1.8	1248	H	1.5	629	3306	3760	2500	3357	2339	2358	2160	35.598	37.368	42.510	41.692	38.828	42.145	41.812	998	1134	820	1021	759	715	691	100.00	100.00	100.00	100.00	100.00	100.00	100.00	
305.21260	305.20410	305.22260	3412	8.10	91.47	First isotopic peak	Representative mass and accurate mass for 113, 114, 116 & 117	0.288	872.2	NaN	2006	45.34	K	2.6	106	H	1.8	77	F	1.5	108	482	646	428	548	433	481	394	5.190	6.420	7.278	6.806	7.188	8.597	7.627	268	349	242	271	231	249	219	88.43	91.69	89.26	93.36	91.77	93.17	92.69	
0.00400	-0.00600	0.01400	1793	4.78	62.57			0.984	-0.2	NaN	34											439	575	135	334	143	78	89	4.727	5.715	2.296	4.148	2.374	1.394	1.723	219	280	90	187	83	46	54	56.62	67.86	57.78	63.64	62.65	63.04	62.96	
176.11540	176.10540	176.12540	1063	3.81	5.34	Unannotated mass-shift 176.1154		0.293	2819.7	NaN	1063	84.20	K	40.5	862							199	210	121	190	109	124	110	2.143	2.087	2.057	2.360	1.809	2.216	2.129	57	65	42	53	41	43	36	7.02	3.08	4.76	5.66	4.88	4.65	8.33	
148.10820	148.09820	148.11820	845	3.24	34.59	mTRAQ heavy		0.303	2407.5	NaN	845	75.86	R	11.1	557	K	6.4	109	H	1.6	27	122	165	120	127	114	97	100	1.314	1.640	2.040	1.577	1.892	1.734	1.936	48	63	34	47	38	31	31	41.67	25.40	41.18	34.04	28.95	41.94	35.48	
320.20460	320.19460	320.21460	1187	2.47	94.87	Unannotated mass-shift 320.2046		0.370	1170.5	NaN	1075	79.36	W	8.1	73	Y	3.8	141	M	2.6	55	213	221	158	158	160	148	129	2.294	2.196	2.687	1.962	2.656	2.645	2.497	80	90	57	52	52	55	43	96.25	95.56	92.98	94.23	94.23	94.55	95.35	
-51.97080	-51.98080	-51.96530	259	1.28	87.50	Unannotated mass-shift -51.9708		NaN	NaN	NaN	259	99.23	N	14.6	144	K	13.2	69	D	3.1	45	37	31	34	45	39	37	36	0.398	0.308	0.578	0.559	0.647	0.661	0.697	1	2	1	1	1	1	1	100.00	50.00	100.00	100.00	100.00	100.00	100.00	
144.17920	144.16920	144.18920	486	1.25	0.00	Unannotated mass-shift 144.1792		NaN	NaN	NaN	486	96.71	C	19.0	290	D	5.5	150	I	1.9	32	78	63	76	59	75	72	63	0.840	0.626	1.292	0.733	1.245	1.287	1.220	12	11	12	11	12	8	12	0.00	0.00	0.00	0.00	0.00	0.00	0.00	
79.06340	79.05340	79.07340	325	0.99	20.00	Unannotated mass-shift 79.0634		NaN	NaN	NaN	325	95.08	K	18.9	123	M	7.7	50	P	5.8	128	45	47	43	50	44	56	40	0.485	0.467	0.731	0.621	0.730	1.001	0.774	6	4	5	5	5	5	5	16.67	25.00	20.00	20.00	20.00	20.00	20.00	
58.00820	57.99820	58.01820	207	0.97	71.62	Iodoacetic acid derivative		0.468	1910.9	NaN	198	93.24	H	8.6	35	V	1.7	25	I	1.6	11	59	56	12	53	8	11	8	0.635	0.557	0.204	0.658	0.133	0.197	0.155	41	40	8	41	5	7	6	63.41	70.00	62.50	73.17	100.00	100.00	83.33	
1.00440	0.99440	1.01400	412	0.84	60.53	First isotopic peak		0.791	7.7	NaN	135		F	2.1	10	M	2.1	6	V	1.9	20	98	101	43	68	45	36	21	1.055	1.004	0.731	0.845	0.747	0.643	0.407	69	71	35	54	34	25	16	55.07	64.79	51.43	62.96	64.71	68.00	56.25	
-65.02720	-65.03720	-65.01720	187	0.81	12.50	Unannotated mass-shift -65.0272		NaN	NaN	NaN	187	99.47	K	13.2	49	I	10.0	65	Q	6.8	65	24	23	27	30	30	30	23	0.258	0.229	0.459	0.373	0.498	0.536	0.445	2	1	1	1	1	1	1	50.00	0.00	0.00	0.00	0.00	0.00	0.00	
188.20360	188.19360	188.21360	189	0.79	37.50	Unannotated mass-shift 188.2036		NaN	NaN	NaN	189	100.00	Y	9.5	62	T	5.6	62	R	4.9	55	28	36	23	29	29	22	22	0.301	0.358	0.391	0.360	0.481	0.393	0.426	2	1	1	1	1	1	1	0.00	100.00	0.00	100.00	0.00	100.00	0.00	
27.99820	27.98820	28.00820	280	0.79	71.01	Formylation		0.509	1467.7	NaN	241	75.36	H	5.3	27	V	1.8	32				73	69	11	86	14	16	11	0.786	0.686	0.187	1.068	0.232	0.286	0.213	50	51	10	61	13	12	10	66.00	74.51	90.00	65.57	92.31	75.00	60.00	
-17.02300	-17.03300	-17.01300	204	0.75	58.97	Pyro-glu from Q/Loss of ammonia		0.641	835.4	NaN	196	80.39	C	6.4	40	Q	5.6	56	E	1.6	22	53	62	11	48	16	4	10	0.571	0.616	0.187	0.596	0.266	0.071	0.194	32	32	8	26	8	3	8	46.88	50.00	75.00	65.38	75.00	66.67	87.50	
-124.99640	-125.00640	-124.98640	142	0.68	46.15	Unannotated mass-shift -124.9964		NaN	NaN	NaN	142	97.89	M	19.2	54	K	9.6	27	D	3.4	27	19	19	19	21	19	23	22	0.205	0.189	0.323	0.261	0.315	0.411	0.426	2	2	2	2	2	1	2	50.00	50.00	50.00	50.00	50.00	0.00	50.00	
321.23680	321.22680	321.24560	535	0.62	95.62	Unannotated mass-shift 321.2368		0.351	383.3	NaN	157	27.29	L	2.7	38	F	2.3	13	I	2.2	12	50	74	62	94	86	80	89	0.538	0.735	1.054	1.167	1.428	1.430	1.723	30	38	32	46	43	41	44	93.33	97.37	96.88	95.65	93.02	95.12	97.73	
-139.97940	-139.98940	-139.97390	298	0.62	0.00	Unannotated mass-shift -139.9794		NaN	NaN	NaN	294	97.65	C	7.9	73	R	3.8	66	A	3.4	66	41	42	44	43	48	44	36	0.441	0.417	0.748	0.534	0.797	0.786	0.697	9	8	6	7	5	6	4	0.00	0.00	0.00	0.00	0.00	0.00	0.00	
-139.96840	-139.97390	-139.95840	283	0.60	0.00	Unannotated mass-shift -139.9684		NaN	NaN	NaN	279	62.90	C	13.6	120	Q	2.8	40	V	1.8	38	52	46	48	38	33	31	35	0.560	0.457	0.816	0.472	0.548	0.554	0.678	10	13	9	11	10	9	10	0.00	0.00	0.00	0.00	0.00	0.00	0.00	
336.19860	336.18860	336.20860	449	0.59	91.28	Unannotated mass-shift 336.1986		0.336	1295.0	NaN	413	84.86	W	28.4	99	Y	2.3	33	H	2.0	17	115	92	57	60	64	43	18	1.238	0.914	0.969	0.745	1.062	0.769	0.348	46	36	26	22	21	14	7	89.13	91.67	88.46	90.91	100.00	92.86	85.71	
332.20500	332.19500	332.21500	232	0.55	84.67	Levuglandinyl - lysine lactam adduct/andrographolide with the loss of H2O		0.320	1598.1	NaN	232	75.43	K	8.7	40	S	3.2	63	G	2.0	38	31	46	24	39	35	29	28	0.334	0.457	0.408	0.484	0.581	0.518	0.542	17	27	15	24	19	16	19	82.35	81.48	93.33	87.50	78.95	87.50	84.21	
-143.04800	-143.05800	-143.03800	96	0.54	0.00	Unannotated mass-shift -143.0480		NaN	NaN	NaN	96		K	16.6	32	Y	9.7	32	R	5.4	31	14	34	11	12	13	6	6	0.151	0.338	0.187	0.149	0.216	0.107	0.116	2	1	1	2	1	1	1	0.00	0.00	0.00	0.00	0.00	0.00	0.00	
-125.95200	-125.95740	-125.94330	93	0.53	0.00	Unannotated mass-shift -125.9520		NaN	NaN	NaN	93	68.82	C	5.7	17	Q	4.3	20	E	2.8	18	16	15	11	13	11	13	14	0.172	0.149	0.187	0.161	0.183	0.232	0.271	5	6	4	5	5	6	5	0.00	0.00	0.00	0.00	0.00	0.00	0.00	
322.24100	322.23280	322.25100	230	0.50	97.30	First isotopic peak	Unannotated mass-shift 321.2368	0.356	297.9	NaN	19	5.65										27	27	18	47	32	41	38	0.291	0.268	0.306	0.584	0.531	0.733	0.736	16	17	15	30	23	21	26	93.75	100.00	100.00	96.67	100.00	95.24	96.15	
-112.00720	-112.01720	-111.99720	195	0.47	0.00	Unannotated mass-shift -112.0072		NaN	NaN	NaN	195	74.87	Y	13.2	88	R	3.7	43	P	3.3	43	29	29	30	39	28	17	23	0.312	0.288	0.510	0.484	0.465	0.304	0.445	1	2	2	4	2	2	2	0.00	0.00	0.00	0.00	0.00	0.00	0.00	
45.07560	45.06560	45.08560	60	0.47	42.86	Unannotated mass-shift 45.0756		NaN	NaN	NaN	60	98.33	M	22.4	27	K	22.2	27				12	11	8	8	5	9	7	0.129	0.109	0.136	0.099	0.083	0.161	0.136	1	1	1	1	1	1	1	100.00	100.00	0.00	100.00	0.00	0.00	0.00	
-123.99420	-124.00420	-123.98420	93	0.45	5.56	First isotopic peak	Unannotated mass-shift -124.9964	NaN	NaN	NaN	93	94.62	K	13.4	25	N	6.2	22	D	4.2	22	10	13	5	13	15	20	17	0.108	0.129	0.085	0.161	0.249	0.357	0.329	4	2	2	2	2	4	2	0.00	50.00	0.00	0.00	0.00	0.00	0.00	
318.18760	318.17870	318.19480	145	0.44	94.39	Unannotated mass-shift 318.1876		0.328	2407.2	NaN	129	68.28	Y	6.2	27	K	3.8	10	H	2.8	8	41	29	22	15	22	4	12	0.441	0.288	0.374	0.186	0.365	0.071	0.232	29	27	15	10	15	3	8	96.55	88.89	100.00	100.00	93.33	100.00	87.50	
51.05740	51.04740	51.06740	170	0.43	4.88	Unannotated mass-shift 51.0574		NaN	NaN	NaN	170	100.00	P	7.5	86	R	5.8	59				19	31	20	23	37	26	14	0.205	0.308	0.340	0.286	0.614	0.465	0.271	6	7	5	7	6	6	4	0.00	14.29	0.00	14.29	0.00	0.00	0.00	
321.20740	321.19840	321.21740	228	0.41	97.14	Monolink of SMCC terminated with 3-(dimethylamino)-1-propylamine		0.325	657.0	NaN	110	42.98	Y	5.7	21	F	4.5	17				36	42	26	30	33	36	25	0.388	0.417	0.442	0.373	0.548	0.643	0.484	17	18	11	13	14	23	9	100.00	94.44	90.91	100.00	92.86	100.00	100.00	
-5.99020	-6.00020	-5.98020	81	0.41	10.00	Unannotated mass-shift -5.9902		NaN	NaN	NaN	79	95.06	K	13.7	22	A	2.3	12	P	2.3	12	12	10	10	12	10	13	14	0.129	0.099	0.170	0.149	0.166	0.232	0.271	6	5	6	6	6	5	6	16.67	0.00	0.00	16.67	16.67	0.00	16.67	
306.21500	306.20620	306.22500	171	0.37	89.71	Second isotopic peak	Representative mass and accurate mass for 113, 114, 116 & 117	0.279	616.9	NaN	65	24.56	C	4.1	8							29	42	12	26	16	30	16	0.312	0.417	0.204	0.323	0.266	0.536	0.310	24	36	9	22	13	19	13	91.67	91.67	88.89	81.82	76.92	100.00	92.31	
-96.01200	-96.02200	-96.00200	60	0.35	0.00	Unannotated mass-shift -96.0120		NaN	NaN	NaN	59		Y	7.5	15	C	6.4	12	M	6.0	7	10	7	6	9	7	14	7	0.108	0.070	0.102	0.112	0.116	0.250	0.136	2	2	1	1	1	1	1	0.00	0.00	0.00	0.00	0.00	0.00	0.00	
95.05880	95.04880	95.06880	70	0.34	0.00	Unannotated mass-shift 95.0588		NaN	NaN	NaN	70	71.43	M	25.4	35	K	11.7	16	P	3.5	16	9	11	11	14	10	7	8	0.097	0.109	0.187	0.174	0.166	0.125	0.155	1	1	1	1	1	1	1	0.00	0.00	0.00	0.00	0.00	0.00	0.00	
89.08120	89.07120	89.09120	44	0.32	0.00	Unannotated mass-shift 89.0812		NaN	NaN	NaN	44	100.00	K	24.6	22	S	5.8	22				9	7	6	7	5	4	6	0.097	0.070	0.102	0.087	0.083	0.071	0.116	3	3	2	4	3	2	2	0.00	0.00	0.00	0.00	0.00	0.00	0.00	
8.02580	8.01580	8.03510	89	0.30	2.50	Unannotated mass-shift 8.0258		NaN	NaN	NaN	88	97.75	K	13.2	23	A	4.2	24	P	4.0	24	15	16	9	13	12	13	11	0.162	0.159	0.153	0.161	0.199	0.232	0.213	7	9	5	5	4	5	5	0.00	0.00	0.00	0.00	0.00	20.00	0.00	
287.18520	287.17520	287.19520	124	0.30	57.78	Representative mass and accurate mass for 113, 114, 116 & 117	Pyro-glu from Q/Loss of ammonia	0.136	1719.2	NaN	122	61.29	K	21.3	52	Q	5.5	34				28	25	12	10	15	16	18	0.301	0.248	0.204	0.124	0.249	0.286	0.348	11	10	4	5	7	3	5	63.64	70.00	75.00	40.00	57.14	33.33	40.00	
305.19560	305.18560	305.20410	300	0.30	78.76	Unannotated mass-shift 305.1956		0.383	1008.1	NaN	274	70.03	N	3.6	38	Q	2.6	37	K	2.4	13	49	67	27	53	38	35	31	0.528	0.666	0.459	0.658	0.631	0.626	0.600	27	40	19	34	28	21	24	81.48	85.00	73.68	73.53	78.57	71.43	83.33	
35.02460	35.01460	35.03460	45	0.27	3.13	Unannotated mass-shift 35.0246		NaN	NaN	NaN	45	73.33	R	5.7	15	L	4.3	17				11	6	1	8	8	7	4	0.118	0.060	0.017	0.099	0.133	0.125	0.077	7	6	1	5	5	5	3	0.00	16.67	0.00	0.00	0.00	0.00	0.00	
-95.01060	-95.02060	-95.00060	74	0.26	0.00	First isotopic peak	Unannotated mass-shift -96.0120	NaN	NaN	NaN	41		M	8.4	7	C	5.3	7	Y	5.0	7	18	9	3	17	10	4	13	0.194	0.089	0.051	0.211	0.166	0.071	0.252	3	2	1	3	1	1	1	0.00	0.00	0.00	0.00	0.00	0.00	0.00	
232.20140	232.19710	232.21140	63	0.26	0.00	Unannotated mass-shift 232.2014		NaN	NaN	NaN	63	88.89	Q	4.0	13	D	3.7	13	P	2.5	11	20	19	9	4	4	3	4	0.215	0.189	0.153	0.050	0.066	0.054	0.077	1	1	1	1	1	1	1	0.00	0.00	0.00	0.00	0.00	0.00	0.00	
-140.99100	-141.00100	-140.98100	46	0.25	60.00	Isotopic peak error	Unannotated mass-shift -139.9794	NaN	NaN	NaN	46	95.65	M	15.1	14	D	5.3	14	A	4.6	14	10	8	6	8	4	4	6	0.108	0.080	0.102	0.099	0.066	0.071	0.116	2	2	1	2	1	1	1	50.00	50.00	100.00	50.00	100.00	0.00	100.00	
332.24060	332.23060	332.25060	82	0.23	96.72	Unannotated mass-shift 332.2406		0.337	2119.8	NaN	78	90.24	Y	3.0	8	Q	1.9	8	E	1.8	10	10	18	16	15	8	8	7	0.108	0.179	0.272	0.186	0.133	0.143	0.136	7	14	12	11	5	6	6	100.00	85.71	100.00	100.00	100.00	100.00	100.00	
-7.99140	-7.99770	-7.98180	42	0.22	5.26	Unannotated mass-shift -7.9914		NaN	NaN	NaN	41	40.48	R	11.5	28							9	7	4	7	6	2	7	0.097	0.070	0.068	0.087	0.100	0.036	0.136	3	3	2	4	2	2	3	0.00	0.00	0.00	25.00	0.00	0.00	0.00	
460.31300	460.30670	460.32300	115	0.21	80.82	Unannotated mass-shift 460.3130		0.194	-458.2	NaN	115	56.52	K	8.6	20	H	4.1	10	D	3.6	23	29	22	10	16	17	10	11	0.312	0.219	0.170	0.199	0.282	0.179	0.213	18	12	8	9	11	7	8	88.89	75.00	75.00	88.89	81.82	71.43	75.00	
105.07660	105.06660	105.08660	61	0.20	3.70	Unannotated mass-shift 105.0766		NaN	NaN	NaN	60	91.67	K	20.2	24	M	7.0	8	A	6.4	25	5	11	9	13	8	5	10	0.054	0.109	0.153	0.161	0.133	0.089	0.194	3	6	4	4	4	3	3	0.00	0.00	0.00	0.00	0.00	0.00	33.33	
-60.00020	-60.01020	-59.99020	22	0.20	42.86	Unannotated mass-shift -60.0002		NaN	NaN	NaN	22	100.00	K	25.0	11	Y	7.3	6	T	4.3	6	2	1	4	4	4	4	3	0.022	0.010	0.068	0.050	0.066	0.071	0.058	1	1	1	1	1	1	1	0.00	0.00	0.00	100.00	100.00	0.00	100.00	
100.01800	100.00800	100.02800	78	0.20	75.93	Succinic anhydride labeling reagent light form (N-term & K)/Methylmalonylation on Serine		0.459	1712.6	NaN	69	88.46	R	3.4	14	P	2.1	10	V	1.9	10	28	28	4	9	3	1	5	0.301	0.278	0.068	0.112	0.050	0.018	0.097	19	18	3	7	2	1	4	68.42	72.22	100.00	85.71	100.00	100.00	75.00	
245.13700	245.12700	245.14700	33	0.19	100.00	Unannotated mass-shift 245.1370		0.538	221.2	NaN	31	90.91	S	2.2	6							20	7	2	1	0	0	3	0.215	0.070	0.034	0.012	0.000	0.000	0.058	15	7	2	1	0	0	3	100.00	100.00	100.00	100.00	0.00	0.00	100.00	
303.22540	303.22180	303.23540	66	0.19	86.05	Unannotated mass-shift 303.2254		0.119	-265.7	NaN	4											12	12	6	14	12	6	4	0.129	0.119	0.102	0.174	0.199	0.107	0.077	7	10	4	7	9	4	2	85.71	90.00	75.00	85.71	77.78	100.00	100.00	
-143.01400	-143.02400	-143.00400	34	0.19	0.00	Unannotated mass-shift -143.0140		NaN	NaN	NaN	33	97.06	Y	9.7	11	Q	6.5	11	R	5.6	11	4	8	3	6	5	5	3	0.043	0.080	0.051	0.075	0.083	0.089	0.058	1	3	2	2	2	1	1	0.00	0.00	0.00	0.00	0.00	0.00	0.00	
7.07820	7.06850	7.08820	31	0.19	0.00	Unannotated mass-shift 7.0782		NaN	NaN	NaN	31	96.77	E	4.0	9	A	3.8	8	P	3.7	8	7	3	6	2	4	5	4	0.075	0.030	0.102	0.025	0.066	0.089	0.077	1	1	1	1	1	1	1	0.00	0.00	0.00	0.00	0.00	0.00	0.00	
480.32380	480.31380	480.33380	27	0.19	0.00	Representative mass and accurate mass for 113, 114, 116 & 117	Unannotated mass-shift 176.1154	NaN	NaN	NaN	27	100.00	K	26.5	14	I	6.0	6	L	2.3	6	3	1	6	3	5	3	6	0.032	0.010	0.102	0.037	0.083	0.054	0.116	2	1	3	1	3	2	3	0.00	0.00	0.00	0.00	0.00	0.00	0.00	
288.21620	288.20620	288.22620	80	0.19	75.00	Unannotated mass-shift 188.2036	Succinic anhydride labeling reagent light form (N-term & K)/Methylmalonylation on Serine	NaN	NaN	NaN	77	86.25	M	19.3	30	S	1.8	12	T	1.8	8	14	20	8	14	10	9	5	0.151	0.199	0.136	0.174	0.166	0.161	0.097	10	13	6	9	5	6	3	90.00	76.92	50.00	77.78	60.00	66.67	100.00	
-122.98320	-122.99320	-122.97320	41	0.19	0.00	Second isotopic peak	Unannotated mass-shift -124.9964	NaN	NaN	NaN	10	21.95										5	1	3	6	11	7	8	0.054	0.010	0.051	0.075	0.183	0.125	0.155	1	1	2	1	1	1	1	0.00	0.00	0.00	0.00	0.00	0.00	0.00	
274.19920	274.18920	274.20880	53	0.18	86.67	Unannotated mass-shift 274.1992		NaN	NaN	NaN	51	77.36	T	7.9	23	S	2.6	11	G	1.6	7	11	10	8	7	6	4	7	0.118	0.099	0.136	0.087	0.100	0.071	0.136	7	6	4	4	2	2	5	85.71	83.33	100.00	50.00	100.00	100.00	100.00	
75.06620	75.05620	75.07620	71	0.18	10.87	Unannotated mass-shift 75.0662		NaN	NaN	NaN	71	71.83	K	22.0	31	T	7.1	29				11	7	9	9	12	10	13	0.118	0.070	0.153	0.112	0.199	0.179	0.252	6	5	7	7	6	6	9	0.00	20.00	0.00	14.29	16.67	16.67	11.11	
34.06620	34.05620	34.07620	35	0.18	14.29	DiMethyl-C13HD2		NaN	NaN	NaN	35	97.14	N	11.4	15	R	7.0	15				6	5	4	5	6	3	6	0.065	0.050	0.068	0.062	0.100	0.054	0.116	4	3	2	3	3	3	3	25.00	0.00	0.00	33.33	0.00	33.33	0.00	
-104.05540	-104.06540	-104.04540	26	0.18	0.00	Unannotated mass-shift -104.0554		NaN	NaN	NaN	26	96.15	Q	6.7	9	S	4.0	9	G	3.0	6	8	10	0	8	0	0	0	0.086	0.099	0.000	0.099	0.000	0.000	0.000	1	1	0	1	0	0	0	0.00	0.00	0.00	0.00	0.00	0.00	0.00	
-140.96280	-140.97280	-140.95620	63	0.18	2.86	Isotopic peak error	Unannotated mass-shift -139.9684	NaN	NaN	NaN	61	74.60	C	8.3	16	R	4.5	16	E	3.6	15	13	14	8	12	7	4	5	0.140	0.139	0.136	0.149	0.116	0.071	0.097	8	7	5	5	4	2	4	12.50	0.00	0.00	0.00	0.00	0.00	0.00	
-51.95980	-51.96530	-51.94980	40	0.18	41.67	Unannotated mass-shift -51.9598		0.742	400.9	NaN	39	90.00	Q	4.7	9	E	2.9	8	V	2.7	8	7	8	5	5	7	4	4	0.075	0.080	0.085	0.062	0.116	0.071	0.077	2	2	1	2	2	2	1	50.00	50.00	0.00	50.00	50.00	50.00	0.00	
161.17600	161.16600	161.18600	52	0.18	0.00	Unannotated mass-shift 161.1760		NaN	NaN	NaN	14	13.46										5	4	5	6	6	13	13	0.054	0.040	0.085	0.075	0.100	0.232	0.252	3	3	2	2	2	2	3	0.00	0.00	0.00	0.00	0.00	0.00	0.00	
166.09380	166.08380	166.10380	28	0.18	87.50	Unannotated mass-shift 166.0938		0.060	1841.1	NaN	28	100.00	K	23.8	13	P	7.1	13				5	3	3	5	3	4	5	0.054	0.030	0.051	0.062	0.050	0.071	0.097	1	1	1	1	1	1	2	100.00	100.00	100.00	100.00	100.00	100.00	50.00	
192.10980	192.09980	192.11720	34	0.18	31.58	Unannotated mass-shift 192.1098		NaN	NaN	NaN	34	97.06	K	17.8	12							10	10	2	3	3	1	5	0.108	0.099	0.034	0.037	0.050	0.018	0.097	5	6	1	2	2	1	2	20.00	16.67	0.00	50.00	50.00	100.00	50.00	
49.04040	49.03040	49.04980	54	0.17	0.00	Unannotated mass-shift 49.0404		NaN	NaN	NaN	54	92.59	R	7.5	24	V	6.1	25				8	9	9	7	7	9	5	0.086	0.089	0.153	0.087	0.116	0.161	0.097	4	4	4	3	3	3	3	0.00	0.00	0.00	0.00	0.00	0.00	0.00	
-52.00460	-52.01460	-51.99460	88	0.17	0.00	Unannotated mass-shift -52.0046		NaN	NaN	NaN	88	88.64	R	4.1	21	T	3.2	17	S	1.8	13	18	15	10	13	10	12	10	0.194	0.149	0.170	0.161	0.166	0.214	0.194	6	6	3	4	3	4	3	0.00	0.00	0.00	0.00	0.00	0.00	0.00	
304.17700	304.16700	304.18700	151	0.17	71.29	cysteine-reactive Sixplex Tandem Mass Tag®		0.155	1308.9	NaN	106	27.15	K	19.5	41	H	2.5	6	Y	1.7	6	23	26	21	24	21	19	17	0.248	0.258	0.357	0.298	0.349	0.340	0.329	16	17	13	17	16	11	11	50.00	88.24	84.62	58.82	62.50	81.82	81.82	
286.19960	286.18960	286.20960	40	0.17	93.33	Pyro-glu from Q/Loss of ammonia	Unannotated mass-shift 303.2254	NaN	NaN	NaN	39	32.50	K	17.2	13	D	3.8	8	A	3.2	8	7	12	5	6	2	5	3	0.075	0.119	0.085	0.075	0.033	0.089	0.058	6	8	3	5	2	4	2	83.33	100.00	100.00	80.00	100.00	100.00	100.00	
77.07020	77.06020	77.08020	48	0.16	2.94	Second isotopic peak	Unannotated mass-shift 75.0662	NaN	NaN	NaN	46	91.67	A	7.2	22	R	6.9	19				10	7	6	9	4	6	6	0.108	0.070	0.102	0.112	0.066	0.107	0.116	5	6	5	6	4	4	4	0.00	0.00	0.00	0.00	0.00	25.00	0.00	
74.13920	74.12920	74.14920	30	0.16	0.00	Unannotated mass-shift 74.1392		NaN	NaN	NaN	30	100.00	T	5.0	9	G	2.5	6				5	4	3	5	4	4	5	0.054	0.040	0.051	0.062	0.066	0.071	0.097	1	1	1	1	1	1	2	0.00	0.00	0.00	0.00	0.00	0.00	0.00	
-121.07660	-121.08660	-121.07130	25	0.16	0.00	Pyro-glu from Q/Loss of ammonia	Unannotated mass-shift -104.0554	NaN	NaN	NaN	25	100.00	R	11.2	17	L	3.7	8				2	5	2	3	5	5	3	0.022	0.050	0.034	0.037	0.083	0.089	0.058	1	2	2	2	2	2	2	0.00	0.00	0.00	0.00	0.00	0.00	0.00	
-18.00720	-18.01720	-17.99720	69	0.16	60.47	Dehydration/Pyro-glu from E		0.502	1919.0	NaN	67	82.61	E	5.1	24	Q	2.3	8	P	1.6	7	19	16	6	16	4	3	5	0.205	0.159	0.102	0.199	0.066	0.054	0.097	11	9	4	10	3	2	4	63.64	55.56	75.00	60.00	66.67	50.00	50.00	
320.29520	320.28520	320.30520	55	0.15	6.25	Unannotated mass-shift 176.1154	Unannotated mass-shift 144.1792	NaN	NaN	NaN	54		K	23.5	25	C	5.1	9	Y	4.6	9	10	14	8	8	8	1	6	0.108	0.139	0.136	0.099	0.133	0.018	0.116	4	2	2	3	2	1	2	25.00	0.00	0.00	0.00	0.00	0.00	0.00	
452.31880	452.30880	452.32880	34	0.15	21.74	Representative mass and accurate mass for 113, 114, 116 & 117	mTRAQ heavy	NaN	NaN	NaN	34	88.24	R	9.1	18	E	2.2	5				5	9	5	4	4	4	3	0.054	0.089	0.085	0.050	0.066	0.071	0.058	3	7	3	3	3	2	2	33.33	28.57	33.33	0.00	33.33	0.00	0.00	
-87.99700	-88.00700	-87.98700	73	0.15	37.50	Unannotated mass-shift -87.9970		NaN	NaN	NaN	72	98.63	K	17.2	25	Y	9.3	23	T	5.5	23	9	11	8	9	11	13	12	0.097	0.109	0.136	0.112	0.183	0.232	0.232	1	1	1	1	2	1	1	0.00	0.00	0.00	100.00	50.00	0.00	100.00	
176.13900	176.12900	176.14900	30	0.15	34.78	Unannotated mass-shift 176.1390		NaN	2851.0	NaN	27	86.67	R	7.5	12							7	5	4	4	3	5	2	0.075	0.050	0.068	0.050	0.050	0.089	0.039	5	4	4	3	3	2	2	20.00	25.00	50.00	33.33	33.33	50.00	50.00	
246.20340	246.19770	246.21340	29	0.15	12.50	Iodoacetic acid derivative	Unannotated mass-shift 188.2036	NaN	NaN	NaN	28	89.66	E	6.5	13							7	5	4	7	4	0	2	0.075	0.050	0.068	0.087	0.066	0.000	0.039	2	4	2	4	2	0	2	0.00	0.00	50.00	25.00	0.00	0.00	0.00	
100.18980	100.17980	100.19980	64	0.15	0.00	Unannotated mass-shift 100.1898		NaN	NaN	NaN	64	95.31	C	14.0	28	D	8.7	31				9	9	8	8	9	12	9	0.097	0.089	0.136	0.099	0.149	0.214	0.174	4	7	3	4	3	5	2	0.00	0.00	0.00	0.00	0.00	0.00	0.00	
290.19400	290.18400	290.20220	88	0.14	74.07	Unannotated mass-shift 290.1940		NaN	NaN	NaN	87	77.27	T	5.8	29	Q	2.1	9	E	1.8	11	17	12	13	12	15	8	11	0.183	0.119	0.221	0.149	0.249	0.143	0.213	11	5	7	9	9	5	8	72.73	60.00	85.71	66.67	77.78	80.00	75.00	
337.23320	337.22320	337.24320	50	0.14	90.91	Unannotated mass-shift 337.2332		0.369	-515.8	NaN	1											5	5	2	10	11	11	6	0.054	0.050	0.034	0.124	0.183	0.197	0.116	1	1	1	2	2	3	1	100.00	100.00	100.00	100.00	100.00	66.67	100.00	
63.03000	63.02000	63.04000	61	0.14	25.00	Unannotated mass-shift 63.0300		NaN	NaN	NaN	61	47.54	K	21.7	26	L	3.9	21	S	1.9	10	16	13	7	9	4	8	4	0.172	0.129	0.119	0.112	0.066	0.143	0.077	7	6	4	4	2	3	2	14.29	16.67	25.00	50.00	50.00	0.00	50.00	
-81.03320	-81.04320	-81.02320	35	0.14	0.00	Unannotated mass-shift -81.0332		NaN	NaN	NaN	33	94.29	K	14.9	10	T	5.1	10	R	5.0	10	6	6	2	8	7	4	2	0.065	0.060	0.034	0.099	0.116	0.071	0.039	1	1	1	2	1	2	1	0.00	0.00	0.00	0.00	0.00	0.00	0.00	
-11.92200	-11.93200	-11.91200	40	0.14	0.00	Unannotated mass-shift -11.9220		NaN	NaN	NaN	40	90.00	C	11.9	15	R	6.3	15				6	8	6	7	6	5	2	0.065	0.080	0.102	0.087	0.100	0.089	0.039	3	4	3	3	3	2	2	0.00	0.00	0.00	0.00	0.00	0.00	0.00	
362.21760	362.20760	362.22590	47	0.14	88.57	Representative mass and accurate mass for 113, 114, 116 & 117	Iodoacetic acid derivative	0.198	1999.5	NaN	47	93.62	K	19.9	19	N	3.3	6				13	10	3	8	5	4	4	0.140	0.099	0.051	0.099	0.083	0.071	0.077	8	8	2	6	3	4	4	87.50	75.00	100.00	100.00	100.00	75.00	100.00	
163.24440	163.23440	163.25440	21	0.14	0.00	Unannotated mass-shift -139.9794	Unannotated mass-shift 303.2254	NaN	NaN	NaN	21	100.00										4	5	3	3	2	3	1	0.043	0.050	0.051	0.037	0.033	0.054	0.019	1	1	1	1	1	1	1	0.00	0.00	0.00	0.00	0.00	0.00	0.00	
-143.94720	-143.95720	-143.93720	21	0.13	0.00	Unannotated mass-shift -143.9472		NaN	NaN	NaN	21		C	21.2	14	K	16.7	7				4	8	0	1	5	0	3	0.043	0.080	0.000	0.012	0.083	0.000	0.058	1	1	0	1	1	0	1	0.00	0.00	0.00	0.00	0.00	0.00	0.00	
302.19500	302.18500	302.20500	55	0.13	97.37	Unannotated mass-shift 320.2046	Dehydration/Pyro-glu from E	NaN	1320.7	NaN	51	89.09	W	35.4	15	S	1.9	8	T	1.8	6	8	10	4	8	11	7	7	0.086	0.099	0.068	0.099	0.183	0.125	0.136	5	6	3	6	9	4	5	100.00	83.33	100.00	100.00	100.00	100.00	100.00	
4.03180	4.02180	4.04180	33	0.13	0.00	4,4,5,5-D4 Lysine		NaN	NaN	NaN	33	96.97	K	12.3	8	A	4.7	10	T	4.2	8	6	5	3	3	8	3	5	0.065	0.050	0.051	0.037	0.133	0.054	0.097	1	1	1	1	1	1	1	0.00	0.00	0.00	0.00	0.00	0.00	0.00	
252.23500	252.22500	252.24500	23	0.13	100.00	Representative mass and accurate mass for 113, 114, 116 & 117	Unannotated mass-shift -51.9708	NaN	812.0	NaN	23	100.00	N	9.9	9							5	4	3	1	4	3	3	0.054	0.040	0.051	0.012	0.066	0.054	0.058	1	1	1	1	1	1	1	100.00	100.00	100.00	100.00	100.00	100.00	100.00	
-141.02120	-141.03120	-141.01120	66	0.13	0.00	Unannotated mass-shift -141.0212		NaN	NaN	NaN	65	96.97	Y	7.6	17	K	6.8	9	P	3.8	17	10	9	9	11	9	9	9	0.108	0.089	0.153	0.137	0.149	0.161	0.174	1	2	1	2	1	1	1	0.00	0.00	0.00	0.00	0.00	0.00	0.00	
12.00280	11.99280	12.01010	44	0.13	75.76	formaldehyde adduct		0.547	443.3	NaN	43	86.36	H	21.4	19	Q	2.4	5				12	7	5	12	2	4	2	0.129	0.070	0.085	0.149	0.033	0.071	0.039	8	5	5	8	1	4	2	62.50	80.00	80.00	87.50	100.00	75.00	50.00	
-16.01860	-16.02860	-16.00860	25	0.13	61.90	First isotopic peak	Pyro-glu from Q/Loss of ammonia	0.920	-16.1	NaN	5	16.00										6	7	0	5	4	3	0	0.065	0.070	0.000	0.062	0.066	0.054	0.000	5	6	0	4	3	3	0	40.00	50.00	0.00	75.00	100.00	66.67	0.00	
303.21820	303.20820	303.22180	74	0.13	90.91	Unannotated mass-shift 303.2254		0.229	1552.4	NaN	38	35.14	S	2.0	6							11	16	7	14	13	5	8	0.118	0.159	0.119	0.174	0.216	0.089	0.155	11	15	7	12	10	4	7	90.91	93.33	100.00	83.33	90.00	100.00	85.71	
32.09860	32.08860	32.10860	21	0.13	0.00	Unannotated mass-shift 32.0986		NaN	NaN	NaN	21	66.67	G	6.9	12							3	3	3	3	3	3	3	0.032	0.030	0.051	0.037	0.050	0.054	0.058	1	1	1	1	1	1	1	0.00	0.00	0.00	0.00	0.00	0.00	0.00	
216.23860	216.22860	216.24860	17	0.13	33.33	Unannotated mass-shift 216.2386		NaN	NaN	NaN	17	100.00										4	4	2	3	2	0	2	0.043	0.040	0.034	0.037	0.033	0.000	0.039	1	1	1	1	1	0	1	0.00	100.00	0.00	100.00	0.00	0.00	0.00	
104.09380	104.08380	104.10380	20	0.13	100.00	Unannotated mass-shift 104.0938		NaN	NaN	NaN	20	100.00	S	6.3	11	L	5.1	9				3	3	3	3	3	3	2	0.032	0.030	0.051	0.037	0.050	0.054	0.039	1	1	1	1	1	1	1	100.00	100.00	100.00	100.00	100.00	100.00	100.00	
-37.95520	-37.96520	-37.95070	28	0.12	43.75	Unannotated mass-shift -37.9552		0.490	1944.1	NaN	28	78.57	D	5.4	8	A	4.4	8	R	3.4	6	5	3	1	7	4	3	5	0.054	0.030	0.017	0.087	0.066	0.054	0.097	3	1	1	4	3	2	2	33.33	100.00	100.00	25.00	33.33	50.00	50.00	
289.21880	289.20880	289.22880	33	0.12	66.67	Unannotated mass-shift 289.2188		0.421	1398.3	NaN	19	27.27										10	9	0	7	4	1	2	0.108	0.089	0.000	0.087	0.066	0.018	0.039	10	7	0	7	3	1	2	60.00	71.43	0.00	71.43	33.33	100.00	100.00	
-107.90660	-107.91660	-107.89660	14	0.12	100.00	Unannotated mass-shift -107.9066		0.341	1624.8	NaN	14	100.00										2	2	2	2	2	2	2	0.022	0.020	0.034	0.025	0.033	0.036	0.039	1	1	1	1	1	1	1	100.00	100.00	100.00	100.00	100.00	100.00	100.00	
-30.87960	-30.88960	-30.86960	25	0.12	100.00	Unannotated mass-shift 7.0782	Unannotated mass-shift -37.9552	NaN	NaN	NaN	25	48.00	E	5.1	9	Q	4.7	6	R	3.6	5	5	4	1	5	3	4	3	0.054	0.040	0.017	0.062	0.050	0.071	0.058	1	1	1	1	1	1	1	100.00	100.00	100.00	100.00	100.00	100.00	100.00	
-121.01800	-121.02800	-121.00800	10	0.11	100.00	Unannotated mass-shift -121.0180		NaN	NaN	NaN	10	100.00										1	1	2	1	1	2	2	0.011	0.010	0.034	0.012	0.017	0.036	0.039	1	1	1	1	1	1	1	100.00	100.00	100.00	100.00	100.00	100.00	100.00	
-66.00860	-66.01370	-65.99860	61	0.11	0.00	Unannotated mass-shift -66.0086		NaN	NaN	NaN	61	96.72	K	9.6	12	E	5.2	22	L	2.4	13	8	12	11	11	9	4	6	0.086	0.119	0.187	0.137	0.149	0.071	0.116	1	3	2	1	1	1	1	0.00	0.00	0.00	0.00	0.00	0.00	0.00	
331.22020	331.21020	331.23020	21	0.11	100.00	Formylation	Unannotated mass-shift 303.2254	NaN	NaN	NaN	21	100.00	S	3.5	6	L	2.9	6				1	2	3	2	7	3	3	0.011	0.020	0.051	0.025	0.116	0.054	0.058	1	2	2	2	3	1	2	100.00	100.00	100.00	100.00	100.00	100.00	100.00	
-102.93560	-102.94560	-102.92560	24	0.11	0.00	Unannotated mass-shift -102.9356		NaN	NaN	NaN	24	100.00	Q	5.5	7							7	4	2	3	3	2	3	0.075	0.040	0.034	0.037	0.050	0.036	0.058	1	1	1	1	1	1	1	0.00	0.00	0.00	0.00	0.00	0.00	0.00	
204.14740	204.14270	204.15740	16	0.11	11.11	Unannotated mass-shift 204.1474		NaN	NaN	NaN	16	100.00	K	31.2	10							5	5	1	3	1	0	1	0.054	0.050	0.017	0.037	0.017	0.000	0.019	2	2	1	2	1	0	1	0.00	0.00	0.00	50.00	0.00	0.00	0.00	
349.19400	349.18400	349.20400	24	0.11	100.00	Formylation	Monolink of SMCC terminated with 3-(dimethylamino)-1-propylamine	NaN	NaN	NaN	24	100.00	Y	19.2	16							3	3	2	5	4	4	3	0.032	0.030	0.034	0.062	0.066	0.071	0.058	3	2	2	3	4	3	3	100.00	100.00	100.00	100.00	100.00	100.00	100.00	
6.03760	6.02760	6.04250	32	0.11	0.00	Second isotopic peak	4,4,5,5-D4 Lysine	NaN	NaN	NaN	32	100.00	A	7.2	15	R	4.0	8				4	6	5	4	5	4	4	0.043	0.060	0.085	0.050	0.083	0.071	0.077	2	2	2	2	2	2	2	0.00	0.00	0.00	0.00	0.00	0.00	0.00	
108.08660	108.07660	108.09660	17	0.11	20.00	Third isotopic peak	Unannotated mass-shift 105.0766	NaN	NaN	NaN	14	82.35	P	6.3	6	V	5.7	6				3	4	2	2	2	2	2	0.032	0.040	0.034	0.025	0.033	0.036	0.039	2	3	1	1	1	1	1	50.00	33.33	0.00	0.00	0.00	0.00	0.00	
433.30700	433.29700	433.31700	19	0.11	0.00	Unannotated mass-shift 433.3070		0.148	-68.7	NaN	3	5.26										2	8	5	3	1	0	0	0.022	0.080	0.085	0.037	0.017	0.000	0.000	1	5	2	2	1	0	0	0.00	0.00	0.00	0.00	0.00	0.00	0.00	
232.19280	232.18280	232.19710	25	0.11	0.00	Unannotated mass-shift 232.2014		0.468	1282.7	NaN	25	92.00	E	4.5	8							5	4	7	2	2	3	2	0.054	0.040	0.119	0.025	0.033	0.054	0.039	2	2	2	1	1	2	1	0.00	0.00	0.00	0.00	0.00	0.00	0.00	
149.11000	149.10000	149.12000	64	0.11	50.98	First isotopic peak	mTRAQ heavy	NaN	1844.6	NaN	43	60.94	R	3.2	8							9	19	8	5	8	6	9	0.097	0.189	0.136	0.062	0.133	0.107	0.174	7	12	7	4	7	6	8	57.14	41.67	71.43	50.00	28.57	50.00	62.50	
308.20600	308.19600	308.21340	83	0.11	100.00	Third isotopic peak	Unannotated mass-shift 305.1956	0.499	985.6	NaN	80	89.16	W	50.1	34	S	2.2	15	A	2.2	12	18	18	7	12	12	10	6	0.194	0.179	0.119	0.149	0.199	0.179	0.116	6	5	2	4	6	4	3	100.00	100.00	100.00	100.00	100.00	100.00	100.00	
-122.94300	-122.95300	-122.93300	22	0.11	0.00	Third isotopic peak	Unannotated mass-shift -125.9520	NaN	NaN	NaN	22	27.27	C	13.3	9	E	5.4	8				1	3	0	4	5	5	4	0.011	0.030	0.000	0.050	0.083	0.089	0.077	1	2	0	3	4	3	4	0.00	0.00	0.00	0.00	0.00	0.00	0.00	
20.04740	20.03740	20.05350	18	0.11	0.00	Iodoacetic acid derivative	Unannotated mass-shift -37.9552	NaN	NaN	NaN	18	100.00	Q	9.6	9	R	8.0	9				1	3	3	1	3	4	3	0.011	0.030	0.051	0.012	0.050	0.071	0.058	1	2	1	1	2	3	3	0.00	0.00	0.00	0.00	0.00	0.00	0.00	
270.22520	270.21520	270.23520	20	0.10	100.00	Unannotated mass-shift 270.2252		NaN	1169.9	NaN	20	100.00	F	27.6	19							2	3	5	2	2	2	4	0.022	0.030	0.085	0.025	0.033	0.036	0.077	2	2	2	2	1	1	2	100.00	100.00	100.00	100.00	100.00	100.00	100.00	
-138.96440	-138.96780	-138.95440	22	0.10	0.00	First isotopic peak	Unannotated mass-shift -139.9684	NaN	NaN	NaN	17	54.55										6	3	2	1	3	5	2	0.065	0.030	0.034	0.012	0.050	0.089	0.039	6	2	2	1	3	3	2	0.00	0.00	0.00	0.00	0.00	0.00	0.00	
192.12460	192.11720	192.13460	12	0.10	42.86	Unannotated mass-shift 192.1246		NaN	NaN	NaN	12	83.33										2	1	2	2	1	3	1	0.022	0.010	0.034	0.025	0.017	0.054	0.019	1	1	1	1	1	1	1	0.00	100.00	0.00	100.00	0.00	100.00	0.00	
130.13920	130.12920	130.14920	29	0.10	27.27	Unannotated mass-shift 130.1392		NaN	NaN	NaN	29	100.00	Y	7.6	8	T	4.6	8	R	4.4	8	4	8	3	2	5	3	4	0.043	0.080	0.051	0.025	0.083	0.054	0.077	2	2	1	1	2	2	1	0.00	50.00	0.00	100.00	0.00	50.00	0.00	
63.07000	63.06000	63.08000	25	0.10	0.00	Unannotated mass-shift 63.0700		NaN	NaN	NaN	25	64.00	M	12.3	6	P	10.1	17				5	4	5	4	3	1	3	0.054	0.040	0.085	0.050	0.050	0.018	0.058	1	1	1	1	1	1	1	0.00	0.00	0.00	0.00	0.00	0.00	0.00	
8.04440	8.03510	8.05440	16	0.10	0.00	Unannotated mass-shift 89.0812	Unannotated mass-shift -81.0332	NaN	NaN	NaN	13	81.25										4	2	1	4	2	2	1	0.043	0.020	0.017	0.050	0.033	0.036	0.019	4	2	1	3	1	1	1	0.00	0.00	0.00	0.00	0.00	0.00	0.00	
318.22460	318.21850	318.23460	46	0.10	96.88	Unannotated mass-shift 318.2246		0.206	1511.1	NaN	45	82.61	S	4.4	17	G	2.5	9	L	1.6	6	10	8	6	4	5	7	6	0.108	0.080	0.102	0.050	0.083	0.125	0.116	7	7	4	2	4	4	4	85.71	100.00	100.00	100.00	100.00	100.00	100.00	
177.12300	177.11940	177.13300	30	0.10	0.00	First isotopic peak	Unannotated mass-shift 176.1154	NaN	NaN	NaN	21	60.00										9	5	5	5	2	2	2	0.097	0.050	0.085	0.062	0.033	0.036	0.039	6	4	4	5	2	2	2	0.00	0.00	0.00	0.00	0.00	0.00	0.00	
-117.00840	-117.01840	-116.99840	32	0.10	0.00	Unannotated mass-shift -117.0084		NaN	NaN	NaN	32	100.00	H	12.4	8	R	4.1	8	A	3.6	7	7	5	3	6	4	3	4	0.075	0.050	0.051	0.075	0.066	0.054	0.077	2	1	1	2	1	1	1	0.00	0.00	0.00	0.00	0.00	0.00	0.00	
202.18480	202.17480	202.19480	43	0.10	28.57	Unannotated mass-shift 144.1792	Iodoacetic acid derivative	NaN	NaN	NaN	43	88.37	K	11.1	10	Y	5.2	8	R	4.5	12	11	13	4	7	2	2	4	0.118	0.129	0.068	0.087	0.033	0.036	0.077	2	3	2	2	1	2	2	0.00	66.67	0.00	50.00	0.00	50.00	0.00	
217.17880	217.16880	217.18880	21	0.10	91.67	Accurate mass for DiART6plex 118		0.057	564.1	NaN	21	100.00	S	5.7	10							3	2	1	5	3	3	4	0.032	0.020	0.017	0.062	0.050	0.054	0.077	2	2	1	2	2	1	2	100.00	50.00	100.00	100.00	100.00	100.00	100.00	
106.20060	106.19060	106.21060	111	0.09	0.00	Unannotated mass-shift 106.2006		NaN	NaN	NaN	111	81.98	K	13.0	29	C	8.1	28	D	3.4	21	19	23	14	15	14	11	15	0.205	0.229	0.238	0.186	0.232	0.197	0.290	2	2	2	1	1	1	1	0.00	0.00	0.00	0.00	0.00	0.00	0.00	
316.24540	316.23540	316.25540	23	0.09	58.82	Succinic anhydride labeling reagent light form (N-term & K)/Methylmalonylation on Serine	Unannotated mass-shift 216.2386	NaN	NaN	NaN	23	39.13	I	7.1	6	T	5.8	8				6	5	2	3	3	2	2	0.065	0.050	0.034	0.037	0.050	0.036	0.039	3	4	2	2	3	1	2	66.67	50.00	50.00	50.00	33.33	100.00	100.00	
-134.02440	-134.03440	-134.01440	23	0.09	0.00	Unannotated mass-shift -134.0244		NaN	NaN	NaN	19	82.61										4	9	0	0	3	1	6	0.043	0.089	0.000	0.000	0.050	0.018	0.116	2	2	0	0	1	1	2	0.00	0.00	0.00	0.00	0.00	0.00	0.00	
-9.95180	-9.95770	-9.94180	15	0.09	0.00	Formylation	Unannotated mass-shift -37.9552	NaN	NaN	NaN	15	100.00										3	3	1	2	2	2	2	0.032	0.030	0.017	0.025	0.033	0.036	0.039	3	2	1	1	1	1	1	0.00	0.00	0.00	0.00	0.00	0.00	0.00	
-57.98720	-57.99720	-57.97720	14	0.09	0.00	Second isotopic peak	Unannotated mass-shift -60.0002	NaN	NaN	NaN	14	100.00										2	1	2	3	2	2	2	0.022	0.010	0.034	0.037	0.033	0.036	0.039	1	1	1	1	1	1	1	0.00	0.00	0.00	0.00	0.00	0.00	0.00	
358.12180	358.11180	358.13180	19	0.09	100.00	Unannotated mass-shift 358.1218		0.205	761.2	NaN	17	63.16										2	3	3	3	2	3	3	0.022	0.030	0.051	0.037	0.033	0.054	0.058	2	3	3	3	2	3	3	100.00	100.00	100.00	100.00	100.00	100.00	100.00	
-89.00140	-89.01140	-88.99140	49	0.09	0.00	Isotopic peak error	Unannotated mass-shift -87.9970	NaN	NaN	NaN	49	100.00	K	12.5	12	H	12.0	12	Q	4.9	12	7	11	3	8	7	9	4	0.075	0.109	0.051	0.099	0.116	0.161	0.077	1	1	1	1	1	1	1	0.00	0.00	0.00	0.00	0.00	0.00	0.00	
-68.00840	-68.01210	-68.00560	16	0.09	0.00	Formylation	Unannotated mass-shift -96.0120	NaN	NaN	NaN	17	100.00										2	2	3	2	1	0	6	0.022	0.020	0.051	0.025	0.017	0.000	0.116	2	2	2	2	1	0	3	0.00	0.00	0.00	0.00	0.00	0.00	0.00	
282.22380	282.21380	282.23380	194	0.09	30.00	Unannotated mass-shift 8.0258	Unannotated mass-shift 274.1992	NaN	NaN	NaN	194	95.36	K	14.3	55	T	3.2	36	P	2.7	36	27	38	29	20	28	32	20	0.291	0.378	0.493	0.248	0.465	0.572	0.387	4	4	3	2	3	2	2	50.00	25.00	33.33	50.00	33.33	0.00	0.00	
-37.00780	-37.01780	-36.99780	29	0.09	0.00	Unannotated mass-shift -37.0078		NaN	NaN	NaN	29	100.00	K	14.1	8	R	4.8	8	G	3.5	8	3	5	4	5	3	5	4	0.032	0.050	0.068	0.062	0.050	0.089	0.077	1	1	1	1	1	1	1	0.00	0.00	0.00	0.00	0.00	0.00	0.00	
-97.92200	-97.93200	-97.91200	16	0.09	0.00	Unannotated mass-shift -97.9220		NaN	NaN	NaN	16	100.00										0	1	1	3	3	4	4	0.000	0.010	0.017	0.037	0.050	0.071	0.077	0	1	1	1	1	1	1	0.00	0.00	0.00	0.00	0.00	0.00	0.00	
-90.97500	-90.98500	-90.96500	13	0.08	0.00	Unannotated mass-shift -90.9750		NaN	NaN	NaN	13	100.00										3	3	0	3	2	1	1	0.032	0.030	0.000	0.037	0.033	0.018	0.019	1	1	0	1	1	1	1	0.00	0.00	0.00	0.00	0.00	0.00	0.00	
82.00660	81.99660	82.01660	16	0.08	64.29	Succinic anhydride labeling reagent light form (N-term & K)/Methylmalonylation on Serine	Dehydration/Pyro-glu from E	0.361	1857.4	NaN	16	100.00	R	6.8	7							3	3	1	5	1	0	3	0.032	0.030	0.017	0.062	0.017	0.000	0.058	3	3	1	4	1	0	2	66.67	66.67	100.00	25.00	100.00	0.00	100.00	
335.19560	335.18560	335.20560	88	0.08	85.48	Isotopic peak error	Unannotated mass-shift 336.1986	0.235	1321.5	NaN	25	17.05	I	6.3	6							27	21	17	6	11	3	3	0.291	0.209	0.289	0.075	0.183	0.054	0.058	18	14	12	5	8	2	3	83.33	78.57	91.67	100.00	75.00	100.00	100.00	
361.23100	361.22100	361.24100	28	0.08	65.00	Iodoacetic acid derivative	Unannotated mass-shift 303.2254	0.107	1204.7	NaN	27	57.14	H	11.2	6	T	3.6	6				7	8	3	2	4	2	2	0.075	0.080	0.051	0.025	0.066	0.036	0.039	4	5	3	2	3	2	1	50.00	80.00	100.00	50.00	66.67	50.00	0.00	
48.05320	48.04320	48.06320	22	0.08	33.33	Unannotated mass-shift -51.9708	Succinic anhydride labeling reagent light form (N-term & K)/Methylmalonylation on Serine	NaN	NaN	NaN	22	95.45	K	19.4	9	Q	7.6	9				6	3	2	3	4	0	4	0.065	0.030	0.034	0.037	0.066	0.000	0.077	3	3	1	3	3	0	2	33.33	33.33	0.00	33.33	33.33	0.00	50.00	
317.20460	317.19460	317.21460	13	0.08	100.00	Formylation	Unannotated mass-shift 289.2188	NaN	NaN	NaN	12	92.31										4	5	0	1	1	1	1	0.043	0.050	0.000	0.012	0.017	0.018	0.019	2	3	0	1	1	1	1	100.00	100.00	0.00	100.00	100.00	100.00	100.00	
303.24540	303.23540	303.25540	31	0.08	96.43	Unannotated mass-shift 303.2454		NaN	NaN	NaN	6	16.13										6	12	1	2	4	2	4	0.065	0.119	0.017	0.025	0.066	0.036	0.077	5	11	1	2	4	2	3	100.00	90.91	100.00	100.00	100.00	100.00	100.00	
-108.98880	-108.99880	-108.97880	12	0.08	0.00	Unannotated mass-shift -143.0480	DiMethyl-C13HD2	NaN	NaN	NaN	8	8.33										1	1	1	3	2	3	1	0.011	0.010	0.017	0.037	0.033	0.054	0.019	1	1	1	2	2	3	1	0.00	0.00	0.00	0.00	0.00	0.00	0.00	
12.01740	12.01010	12.02740	26	0.08	66.67	Succinic anhydride labeling reagent light form (N-term & K)/Methylmalonylation on Serine	Unannotated mass-shift -87.9970	0.641	372.8	NaN	26	88.46	K	20.5	11	Y	5.8	5	T	3.5	5	3	4	1	8	4	4	2	0.032	0.040	0.017	0.099	0.066	0.071	0.039	1	2	1	4	2	1	1	0.00	50.00	0.00	100.00	100.00	0.00	100.00	
-20.00660	-20.01660	-19.99660	13	0.08	0.00	Unannotated mass-shift -20.0066		NaN	NaN	NaN	13	92.31										0	4	0	2	0	3	4	0.000	0.040	0.000	0.025	0.000	0.054	0.077	0	1	0	1	0	2	2	0.00	0.00	0.00	0.00	0.00	0.00	0.00	
292.28340	292.27340	292.29340	13	0.08	0.00	Representative mass and accurate mass for 113, 114, 116 & 117	Unannotated mass-shift -11.9220	NaN	NaN	NaN	13	100.00	C	13.5	6	R	7.1	6				2	3	2	2	1	2	1	0.022	0.030	0.034	0.025	0.017	0.036	0.019	1	1	1	1	1	1	1	0.00	0.00	0.00	0.00	0.00	0.00	0.00	
254.23040	254.22040	254.24040	14	0.08	22.22	Unannotated mass-shift 254.2304		NaN	NaN	NaN	14	7.14	Y	12.5	6	I	12.3	6				2	3	2	3	1	2	1	0.022	0.030	0.034	0.037	0.017	0.036	0.019	1	2	1	2	1	1	1	0.00	0.00	0.00	0.00	0.00	100.00	100.00	
-109.99140	-110.00140	-109.98140	31	0.08	0.00	Unannotated mass-shift -109.9914		NaN	NaN	NaN	30	64.52	C	7.4	7	Q	3.6	5	E	3.4	7	8	4	4	5	3	5	2	0.086	0.040	0.068	0.062	0.050	0.089	0.039	3	2	2	3	2	3	2	0.00	0.00	0.00	0.00	0.00	0.00	0.00	
20.05960	20.05350	20.06960	29	0.08	0.00	Iodoacetic acid derivative	Unannotated mass-shift -37.9552	NaN	NaN	NaN	29	27.59	K	8.9	5	A	4.1	8				8	6	2	5	3	2	3	0.086	0.060	0.034	0.062	0.050	0.036	0.058	2	3	2	1	2	1	2	0.00	0.00	0.00	0.00	0.00	0.00	0.00	
29.08260	29.07260	29.09260	23	0.08	80.00	Unannotated mass-shift 89.0812	Unannotated mass-shift -60.0002	NaN	NaN	NaN	21		K	16.5	7	F	9.0	7	Q	6.2	7	3	4	4	3	4	1	4	0.032	0.040	0.068	0.037	0.066	0.018	0.077	1	1	1	3	2	1	1	100.00	100.00	100.00	66.67	50.00	100.00	100.00	
334.18360	334.17360	334.19360	26	0.08	100.00	Unannotated mass-shift 334.1836		NaN	NaN	NaN	21	80.77										8	3	3	5	4	1	2	0.086	0.030	0.051	0.062	0.066	0.018	0.039	6	3	3	4	3	1	2	100.00	100.00	100.00	100.00	100.00	100.00	100.00	
306.19740	306.19330	306.20620	23	0.08	87.50	First isotopic peak	Unannotated mass-shift 305.1956	0.424	1228.1	NaN	8	30.43										4	5	2	4	2	5	1	0.043	0.050	0.034	0.050	0.033	0.089	0.019	2	4	2	3	2	2	1	100.00	100.00	100.00	66.67	100.00	50.00	100.00	
470.30100	470.29100	470.31100	13	0.08	100.00	Representative mass and accurate mass for 113, 114, 116 & 117	Unannotated mass-shift 166.0938	NaN	NaN	NaN	13	100.00	K	21.1	5	P	6.3	5				2	2	2	1	2	2	2	0.022	0.020	0.034	0.012	0.033	0.036	0.039	1	1	1	1	1	1	1	100.00	100.00	100.00	100.00	100.00	100.00	100.00	
260.22440	260.21440	260.23440	16	0.08	12.50	Unannotated mass-shift 260.2244		0.455	2533.5	NaN	16	87.50	V	4.5	5							3	3	2	2	2	1	3	0.032	0.030	0.034	0.025	0.033	0.018	0.058	1	1	1	1	1	1	2	0.00	0.00	0.00	0.00	0.00	0.00	50.00	
322.20880	322.19880	322.21670	18	0.08	92.86	First isotopic peak	Monolink of SMCC terminated with 3-(dimethylamino)-1-propylamine	0.420	1292.6	NaN	1	5.56										4	3	2	2	3	4	0	0.043	0.030	0.034	0.025	0.050	0.071	0.000	3	2	1	2	3	3	0	100.00	100.00	100.00	50.00	100.00	100.00	0.00	
246.13920	246.12920	246.14920	47	0.07	97.44	First isotopic peak	Unannotated mass-shift 245.1370	0.369	372.8	NaN	46	97.87	R	2.2	6	V	1.9	7				32	7	2	1	2	0	3	0.345	0.070	0.034	0.012	0.033	0.000	0.058	25	7	1	1	2	0	3	96.00	100.00	100.00	100.00	100.00	0.00	100.00	
-72.00320	-72.01320	-71.99320	18	0.07	0.00	Unannotated mass-shift -5.9902	Unannotated mass-shift -66.0086	NaN	NaN	NaN	18	100.00										2	3	1	2	6	2	2	0.022	0.030	0.017	0.025	0.100	0.036	0.039	1	2	1	1	3	1	1	0.00	0.00	0.00	0.00	0.00	0.00	0.00	
-136.00960	-136.01410	-135.99960	20	0.07	0.00	Unannotated mass-shift -136.0096		NaN	NaN	NaN	8	10.00										3	4	2	7	1	2	1	0.032	0.040	0.034	0.087	0.017	0.036	0.019	1	1	1	1	1	1	1	0.00	0.00	0.00	0.00	0.00	0.00	0.00	
466.26200	466.25200	466.27090	25	0.07	0.00	Unannotated mass-shift 466.2620		0.273	1074.1	NaN	8	32.00										1	9	5	2	2	5	1	0.011	0.089	0.085	0.025	0.033	0.089	0.019	1	2	2	1	2	2	1	0.00	0.00	0.00	0.00	0.00	0.00	0.00	
353.22420	353.21420	353.23420	12	0.07	100.00	Unannotated mass-shift 49.0404	cysteine-reactive Sixplex Tandem Mass Tag®	0.569	160.6	NaN	1	8.33										3	3	2	0	3	1	0	0.032	0.030	0.034	0.000	0.050	0.018	0.000	2	2	1	0	2	1	0	100.00	100.00	100.00	0.00	100.00	100.00	0.00	
119.04760	119.03760	119.05760	12	0.07	40.00	Unannotated mass-shift 119.0476		NaN	NaN	NaN	12	100.00	K	28.1	7							7	4	0	1	0	0	0	0.075	0.040	0.000	0.012	0.000	0.000	0.000	3	1	0	1	0	0	0	33.33	0.00	0.00	100.00	0.00	0.00	0.00	
61.08900	61.08370	61.09900	19	0.07	0.00	Unannotated mass-shift 61.0890		NaN	NaN	NaN	19	100.00	K	16.0	6	D	5.7	6				4	3	2	3	3	2	2	0.043	0.030	0.034	0.037	0.050	0.036	0.039	2	2	2	2	2	2	1	0.00	0.00	0.00	0.00	0.00	0.00	0.00	
86.17460	86.16460	86.18460	22	0.07	0.00	Unannotated mass-shift 86.1746		NaN	NaN	NaN	22	90.91	C	10.4	7	D	7.5	9				4	4	3	3	3	3	2	0.043	0.040	0.051	0.037	0.050	0.054	0.039	3	3	2	2	2	2	1	0.00	0.00	0.00	0.00	0.00	0.00	0.00	
204.17540	204.16540	204.18540	10	0.07	0.00	Unannotated mass-shift 204.1754		NaN	NaN	NaN	10	100.00										3	3	1	1	2	0	0	0.032	0.030	0.017	0.012	0.033	0.000	0.000	1	1	1	1	1	0	0	0.00	0.00	0.00	0.00	0.00	0.00	0.00	
61.07840	61.06840	61.08370	47	0.07	0.00	Unannotated mass-shift 61.0784		NaN	NaN	NaN	47	100.00	W	20.0	8	R	6.7	19	S	4.7	19	4	8	5	7	11	8	4	0.043	0.080	0.085	0.087	0.183	0.143	0.077	1	2	1	3	3	1	1	0.00	0.00	0.00	0.00	0.00	0.00	0.00	
160.15840	160.14840	160.16840	15	0.07	100.00	Unannotated mass-shift 160.1584		NaN	636.0	NaN	15	100.00	S	4.8	6	G	4.5	5				2	2	2	2	2	3	2	0.022	0.020	0.034	0.025	0.033	0.054	0.039	1	1	1	1	1	1	1	100.00	100.00	100.00	100.00	100.00	100.00	100.00	
379.25240	379.24240	379.26240	10	0.07	90.00	Unannotated mass-shift 45.0756	Unannotated mass-shift 334.1836	NaN	NaN	NaN	10	100.00	T	10.3	6							3	3	1	0	2	0	1	0.032	0.030	0.017	0.000	0.033	0.000	0.019	3	3	1	0	2	0	1	100.00	66.67	100.00	0.00	100.00	0.00	100.00	
276.20360	276.19360	276.21360	11	0.07	33.33	Second isotopic peak	Unannotated mass-shift 274.1992	NaN	NaN	NaN	11	27.27	R	10.7	7							0	2	1	2	2	1	3	0.000	0.020	0.017	0.025	0.033	0.018	0.058	0	2	1	2	2	1	1	0.00	0.00	0.00	50.00	50.00	100.00	0.00	
334.21780	334.20780	334.22780	14	0.07	69.23	Unannotated mass-shift 89.0812	Unannotated mass-shift 245.1370	NaN	1367.8	NaN	12	35.71										4	4	1	2	0	2	1	0.043	0.040	0.017	0.025	0.000	0.036	0.019	3	4	1	2	0	2	1	33.33	100.00	0.00	100.00	0.00	100.00	0.00	
44.09120	44.08120	44.09450	13	0.07	42.86	Unannotated mass-shift -60.0002	Unannotated mass-shift 104.0938	NaN	NaN	NaN	14	42.86										1	1	2	1	3	3	2	0.011	0.010	0.034	0.012	0.050	0.054	0.039	1	1	1	1	1	1	1	0.00	0.00	100.00	100.00	100.00	0.00	0.00	
-8.00400	-8.01400	-7.99770	35	0.07	0.00	Iodoacetic acid derivative	Unannotated mass-shift -66.0086	0.256	421.0	NaN	35	97.14	K	11.6	8	A	3.5	8	L	2.5	8	8	5	4	5	6	5	2	0.086	0.050	0.068	0.062	0.100	0.089	0.039	4	2	3	1	3	2	1	0.00	0.00	0.00	0.00	0.00	0.00	0.00	
303.29640	303.28790	303.30060	15	0.07	80.00	Unannotated mass-shift 303.2964		NaN	NaN	NaN	0											4	2	3	0	4	1	1	0.043	0.020	0.051	0.000	0.066	0.018	0.019	4	2	3	0	4	1	1	75.00	100.00	66.67	0.00	100.00	100.00	0.00	
62.07940	62.06940	62.08940	14	0.07	0.00	First isotopic peak	Unannotated mass-shift 61.0784	NaN	NaN	NaN	3	21.43										2	4	2	2	0	1	3	0.022	0.040	0.034	0.025	0.000	0.018	0.058	1	1	2	1	0	1	1	0.00	0.00	0.00	0.00	0.00	0.00	0.00	
177.11580	177.10580	177.11940	25	0.07	21.74	First isotopic peak	Unannotated mass-shift 176.1154	NaN	NaN	NaN	13	52.00										3	2	1	7	4	3	5	0.032	0.020	0.017	0.087	0.066	0.054	0.097	3	2	1	7	3	3	4	33.33	50.00	100.00	14.29	0.00	33.33	0.00	
126.22320	126.21880	126.23320	10	0.07	0.00	Unannotated mass-shift 126.2232		NaN	NaN	NaN	10	100.00										1	1	2	1	3	0	2	0.011	0.010	0.034	0.012	0.050	0.000	0.039	1	1	1	1	2	0	1	0.00	0.00	0.00	0.00	0.00	0.00	0.00	
-121.06600	-121.07130	-121.05600	10	0.06	0.00	Unannotated mass-shift -121.0660		NaN	NaN	NaN	8	70.00										1	2	0	3	2	2	0	0.011	0.020	0.000	0.037	0.033	0.036	0.000	1	2	0	2	2	2	0	0.00	0.00	0.00	0.00	0.00	0.00	0.00	
-37.97520	-37.98520	-37.96520	26	0.06	0.00	Unannotated mass-shift -143.0480	Unannotated mass-shift 105.0766	NaN	NaN	NaN	25	26.92	K	19.7	10							6	9	1	3	4	2	1	0.065	0.089	0.017	0.037	0.066	0.036	0.019	3	4	1	3	3	2	1	0.00	0.00	0.00	0.00	0.00	0.00	0.00	
355.26400	355.25400	355.27080	20	0.06	0.00	Representative mass and accurate mass for 113, 114, 116 & 117	Unannotated mass-shift 51.0574	NaN	NaN	NaN	20	95.00	P	3.9	5							4	4	5	4	2	0	1	0.043	0.040	0.085	0.050	0.033	0.000	0.019	2	3	2	2	2	0	1	0.00	0.00	0.00	0.00	0.00	0.00	0.00	
-44.99040	-45.00040	-44.98040	17	0.06	42.86	Unannotated mass-shift -7.9914	Unannotated mass-shift -37.0078	NaN	NaN	NaN	17	100.00	K	23.9	8							2	4	0	4	2	3	2	0.022	0.040	0.000	0.050	0.033	0.054	0.039	1	2	0	1	1	1	1	0.00	0.00	0.00	100.00	100.00	0.00	100.00	
121.07360	121.06360	121.08360	15	0.06	0.00	Iodoacetic acid derivative	Unannotated mass-shift 63.0700	NaN	NaN	NaN	15	26.67	M	37.5	11							2	2	1	2	4	3	1	0.022	0.020	0.017	0.025	0.066	0.054	0.019	1	1	1	1	1	1	1	0.00	0.00	0.00	0.00	0.00	0.00	0.00	
186.19100	186.18100	186.20100	23	0.06	42.86	Succinic anhydride labeling reagent light form (N-term & K)/Methylmalonylation on Serine	Unannotated mass-shift 86.1746	NaN	NaN	NaN	23	100.00	Y	8.7	7	T	5.1	7				7	6	3	3	2	1	1	0.075	0.060	0.051	0.037	0.033	0.018	0.019	1	1	1	1	1	1	1	0.00	100.00	0.00	100.00	0.00	100.00	0.00	
321.18940	321.17940	321.19840	14	0.06	90.00	Third isotopic peak	Unannotated mass-shift 318.1876	0.406	1042.1	NaN	3	21.43										4	3	1	1	3	1	1	0.043	0.030	0.017	0.012	0.050	0.018	0.019	3	2	1	1	1	1	1	100.00	50.00	100.00	100.00	100.00	100.00	100.00	
321.25440	321.24560	321.26440	55	0.06	100.00	Unannotated mass-shift 321.2544		0.360	163.5	NaN	5	9.09										15	7	3	13	5	5	7	0.162	0.070	0.051	0.161	0.083	0.089	0.136	10	7	3	11	4	4	6	100.00	100.00	100.00	100.00	100.00	100.00	100.00	
17.00240	16.99240	17.01240	13	0.06	71.43	Unannotated mass-shift 17.0024		0.733	-678.7	NaN	10		M	36.9	7							5	6	2	0	0	0	0	0.054	0.060	0.034	0.000	0.000	0.000	0.000	2	3	2	0	0	0	0	50.00	66.67	100.00	0.00	0.00	0.00	0.00	
293.15860	293.14860	293.16860	30	0.06	0.00	Unannotated mass-shift 293.1586		NaN	NaN	NaN	29	90.00	H	10.9	7	C	9.1	8				5	5	1	6	5	3	5	0.054	0.050	0.017	0.075	0.083	0.054	0.097	1	1	1	1	1	1	1	0.00	0.00	0.00	0.00	0.00	0.00	0.00	
44.15020	44.14020	44.16020	25	0.06	0.00	Unannotated mass-shift 44.1502		NaN	NaN	NaN	25	84.00	S	4.8	10							5	3	3	3	3	4	4	0.054	0.030	0.051	0.037	0.050	0.071	0.077	2	1	1	1	1	1	1	0.00	0.00	0.00	0.00	0.00	0.00	0.00	
11.04900	11.03900	11.05170	22	0.06	14.29	SILAC label		NaN	NaN	NaN	21	95.45	H	20.5	9	R	7.2	9				3	5	3	2	2	5	2	0.032	0.050	0.051	0.025	0.033	0.089	0.039	2	3	2	1	2	3	1	50.00	0.00	0.00	100.00	0.00	0.00	0.00	
-95.03800	-95.04800	-95.02800	40	0.06	0.00	Unannotated mass-shift -95.0380		NaN	NaN	NaN	40	95.00	K	10.9	9	A	3.1	8	S	2.2	8	8	8	5	6	4	5	4	0.086	0.080	0.085	0.075	0.066	0.089	0.077	4	3	1	2	1	1	1	0.00	0.00	0.00	0.00	0.00	0.00	0.00	
-37.94620	-37.95070	-37.93620	15	0.06	0.00	Unannotated mass-shift -37.9552		NaN	NaN	NaN	15	93.33	V	4.9	5							3	1	3	1	1	2	4	0.032	0.010	0.051	0.012	0.017	0.036	0.077	1	1	1	1	1	1	1	0.00	0.00	0.00	0.00	0.00	0.00	0.00	
393.29080	393.28080	393.30080	17	0.06	0.00	Representative mass and accurate mass for 113, 114, 116 & 117	Unannotated mass-shift 89.0812	NaN	NaN	NaN	17	100.00	K	23.5	8	S	5.0	7				2	4	4	1	1	2	3	0.022	0.040	0.068	0.012	0.017	0.036	0.058	2	2	1	1	1	1	1	0.00	0.00	0.00	0.00	0.00	0.00	0.00	
290.21040	290.20220	290.22040	19	0.06	75.00	Iodoacetic acid derivative	Unannotated mass-shift 232.2014	NaN	NaN	NaN	17	57.89										4	3	3	3	3	0	3	0.043	0.030	0.051	0.037	0.050	0.000	0.058	3	2	3	3	2	0	3	66.67	100.00	66.67	100.00	100.00	0.00	33.33	
277.19900	277.19020	277.20900	15	0.06	57.14	Third isotopic peak	Unannotated mass-shift 274.1992	NaN	2101.3	NaN	15	100.00	N	14.9	9							4	4	3	1	1	1	1	0.043	0.040	0.051	0.012	0.017	0.018	0.019	4	3	3	1	1	1	1	50.00	33.33	33.33	100.00	100.00	100.00	100.00	
-141.90860	-141.91860	-141.89860	14	0.06	0.00	Unannotated mass-shift -141.9086		NaN	NaN	NaN	14	100.00										3	1	2	2	2	2	2	0.032	0.010	0.034	0.025	0.033	0.036	0.039	1	1	1	1	1	1	1	0.00	0.00	0.00	0.00	0.00	0.00	0.00	
477.36780	477.35780	477.37780	12	0.06	37.50	Unannotated mass-shift 477.3678		NaN	NaN	NaN	11	91.67										1	2	1	3	2	2	1	0.011	0.020	0.017	0.037	0.033	0.036	0.019	1	2	1	1	1	1	1	0.00	50.00	0.00	100.00	0.00	100.00	0.00	
320.24520	320.23520	320.25520	11	0.06	81.82	Isotopic peak error	Unannotated mass-shift 321.2544	NaN	NaN	NaN	1	9.09										3	1	2	3	1	1	0	0.032	0.010	0.034	0.037	0.017	0.018	0.000	3	1	2	3	1	1	0	66.67	100.00	100.00	66.67	100.00	100.00	0.00	
7.04060	7.03060	7.04970	19	0.06	0.00	Label:2H(6)15N(1)		NaN	NaN	NaN	19	90.00	P	4.3	6							2	2	1	4	4	3	3	0.022	0.020	0.017	0.050	0.066	0.054	0.058	1	1	1	2	2	1	2	0.00	0.00	0.00	0.00	0.00	0.00	0.00	
-36.00100	-36.01100	-35.99100	15	0.06	0.00	First isotopic peak	Unannotated mass-shift -37.0078	NaN	NaN	NaN	11	73.33										0	3	1	2	4	2	3	0.000	0.030	0.017	0.025	0.066	0.036	0.058	0	2	1	1	2	1	2	0.00	0.00	0.00	0.00	0.00	0.00	0.00	
145.18440	145.17460	145.19440	11	0.06	0.00	First isotopic peak	Unannotated mass-shift 144.1792	NaN	NaN	NaN	6	36.36										2	2	2	0	1	3	1	0.022	0.020	0.034	0.000	0.017	0.054	0.019	2	2	1	0	1	1	1	0.00	0.00	0.00	0.00	0.00	0.00	0.00	
31.98820	31.97820	31.99820	20	0.06	90.91	dihydroxy		0.436	-20.3	NaN	4											5	9	2	1	3	0	0	0.054	0.089	0.034	0.012	0.050	0.000	0.000	2	5	1	1	2	0	0	100.00	100.00	100.00	100.00	50.00	0.00	0.00	
44.09780	44.09450	44.10780	14	0.06	50.00	Unannotated mass-shift -60.0002	Unannotated mass-shift 104.0938	NaN	NaN	NaN	13	15.38	T	11.4	9							6	3	1	2	1	1	0	0.065	0.030	0.017	0.025	0.017	0.018	0.000	1	1	1	1	1	1	0	0.00	0.00	100.00	100.00	100.00	0.00	0.00	
353.19960	353.18960	353.20960	13	0.06	100.00	Unannotated mass-shift 336.1986	Unannotated mass-shift 17.0024	0.284	1550.0	NaN	1											5	3	1	1	1	2	0	0.054	0.030	0.017	0.012	0.017	0.036	0.000	5	2	1	1	1	2	0	100.00	100.00	100.00	100.00	100.00	100.00	0.00	
-9.96360	-9.97360	-9.95770	17	0.06	57.14	Formylation	Unannotated mass-shift -37.9552	NaN	NaN	NaN	17	100.00	W	58.2	8	K	24.5	8				5	2	2	3	3	1	1	0.054	0.020	0.034	0.037	0.050	0.018	0.019	1	1	1	1	1	1	1	0.00	100.00	0.00	100.00	100.00	0.00	100.00	
-78.05520	-78.06520	-78.04520	55	0.05	28.00	Unannotated mass-shift -78.0552		NaN	NaN	NaN	55	100.00	I	9.7	19	R	4.1	14	L	1.9	9	11	12	8	6	7	5	6	0.118	0.119	0.136	0.075	0.116	0.089	0.116	4	4	4	4	3	3	3	25.00	25.00	25.00	25.00	33.33	33.33	33.33	
164.09900	164.08900	164.10380	13	0.05	81.82	Unannotated mass-shift 245.1370	Unannotated mass-shift -81.0332	NaN	1864.9	NaN	11	76.92										3	2	0	2	3	1	2	0.032	0.020	0.000	0.025	0.050	0.018	0.039	3	2	0	1	2	1	2	100.00	50.00	0.00	100.00	100.00	100.00	50.00	
-136.06340	-136.07340	-136.05340	19	0.05	0.00	Unannotated mass-shift -136.0634		NaN	NaN	NaN	18	94.74	A	6.5	8							4	4	2	2	4	1	2	0.043	0.040	0.034	0.025	0.066	0.018	0.039	2	1	1	1	1	1	1	0.00	0.00	0.00	0.00	0.00	0.00	0.00	
28.99820	28.98820	29.00820	13	0.05	100.00	nitrosylation		0.469	1215.7	NaN	2	7.69										4	2	0	3	2	0	2	0.043	0.020	0.000	0.037	0.033	0.000	0.039	3	1	0	3	2	0	2	100.00	100.00	0.00	100.00	100.00	0.00	100.00	
371.24140	371.23140	371.25140	12	0.05	42.86	Unannotated mass-shift 371.2414		NaN	NaN	NaN	12	100.00										2	2	2	2	2	1	1	0.022	0.020	0.034	0.025	0.033	0.018	0.019	1	1	1	1	1	1	1	0.00	100.00	0.00	100.00	0.00	100.00	0.00	
-48.01160	-48.02160	-48.00160	12	0.05	0.00	Homoserine lactone/Prompt loss of side chain from oxidised Met		NaN	NaN	NaN	12	16.67	R	10.9	8							1	2	1	3	2	2	1	0.011	0.020	0.017	0.037	0.033	0.036	0.019	1	1	1	2	1	1	1	0.00	0.00	0.00	0.00	0.00	0.00	0.00	
304.32120	304.31120	304.33120	16	0.05	87.50	Unannotated mass-shift 304.3212		NaN	NaN	NaN	2	6.25										2	2	2	6	1	2	1	0.022	0.020	0.034	0.075	0.017	0.036	0.019	2	2	2	6	1	2	1	100.00	50.00	100.00	83.33	100.00	100.00	100.00	
-136.01860	-136.02860	-136.01410	23	0.05	0.00	Unannotated mass-shift -136.0096		NaN	NaN	NaN	8	17.39										6	6	3	4	2	2	0	0.065	0.060	0.051	0.050	0.033	0.036	0.000	1	1	1	1	1	1	0	0.00	0.00	0.00	0.00	0.00	0.00	0.00	
77.04660	77.03660	77.05660	22	0.05	7.14	Unannotated mass-shift 95.0588	Dehydration/Pyro-glu from E	NaN	NaN	NaN	22	77.27	K	23.1	10	V	5.7	9				2	5	1	6	2	6	0	0.022	0.050	0.017	0.075	0.033	0.107	0.000	2	3	1	4	1	3	0	0.00	0.00	0.00	25.00	0.00	0.00	0.00	
7.98540	7.97540	7.99540	40	0.05	0.00	Formylation	Unannotated mass-shift -20.0066	NaN	NaN	NaN	39	95.00	K	14.3	11	P	4.2	11	A	2.1	5	5	5	6	7	4	6	7	0.054	0.050	0.102	0.087	0.066	0.107	0.136	3	4	3	5	4	4	4	0.00	0.00	0.00	0.00	0.00	0.00	0.00	
119.09480	119.08480	119.10480	36	0.05	0.00	Iodoacetic acid derivative	Unannotated mass-shift 61.0890	NaN	NaN	NaN	36	94.44	K	19.2	14	G	5.2	15				9	7	7	4	4	3	2	0.097	0.070	0.119	0.050	0.066	0.054	0.039	4	4	3	3	3	2	1	0.00	0.00	0.00	0.00	0.00	0.00	0.00	
-97.00140	-97.01140	-96.99140	17	0.05	0.00	Formylation	Unannotated mass-shift -124.9964	NaN	NaN	NaN	17	100.00	C	21.4	11							0	3	3	3	3	2	3	0.000	0.030	0.051	0.037	0.050	0.036	0.058	0	2	2	2	2	1	2	0.00	0.00	0.00	0.00	0.00	0.00	0.00	
-139.03920	-139.04920	-139.02920	24	0.05	0.00	Unannotated mass-shift -139.0392		NaN	NaN	NaN	23	20.83	R	6.7	9	S	4.1	8				2	3	4	3	6	3	3	0.022	0.030	0.068	0.037	0.100	0.054	0.058	1	2	1	1	2	1	1	0.00	0.00	0.00	0.00	0.00	0.00	0.00	
157.14220	157.13220	157.15220	16	0.05	0.00	Unannotated mass-shift 245.1370	Unannotated mass-shift -87.9970	NaN	NaN	NaN	16	100.00	F	20.8	12							5	5	1	1	1	1	2	0.054	0.050	0.017	0.012	0.017	0.018	0.039	1	1	1	1	1	1	1	0.00	0.00	0.00	0.00	0.00	0.00	0.00	
-79.00580	-79.01580	-78.99580	22	0.05	0.00	Unannotated mass-shift -96.0120	Unannotated mass-shift 17.0024	NaN	NaN	NaN	17	52.38										3	4	2	2	2	4	5	0.032	0.040	0.034	0.025	0.033	0.071	0.097	3	2	2	2	2	2	3	0.00	0.00	0.00	0.00	0.00	0.00	0.00	
274.21840	274.20880	274.22840	10	0.05	100.00	Unannotated mass-shift 274.2184		NaN	2006.0	NaN	10	90.00										1	1	2	1	5	0	0	0.011	0.010	0.034	0.012	0.083	0.000	0.000	1	1	1	1	1	0	0	100.00	100.00	100.00	100.00	100.00	0.00	0.00	
303.27940	303.27560	303.28790	22	0.05	90.91	Unannotated mass-shift 49.0404	Unannotated mass-shift 254.2304	NaN	NaN	NaN	4	9.09										5	3	4	3	5	0	2	0.054	0.030	0.068	0.037	0.083	0.000	0.039	5	3	4	3	5	0	2	100.00	100.00	100.00	66.67	80.00	0.00	100.00	
322.22460	322.21670	322.23280	44	0.05	100.00	Unannotated mass-shift 322.2246		0.468	1360.1	NaN	3											8	9	3	6	6	8	4	0.086	0.089	0.051	0.075	0.100	0.143	0.077	7	6	3	6	6	5	3	100.00	100.00	100.00	100.00	100.00	100.00	100.00	
-84.99140	-85.00140	-84.98140	12	0.05	0.00	Third isotopic peak	Unannotated mass-shift -87.9970	NaN	NaN	NaN	12	83.33	N	15.9	7							4	1	0	1	3	2	1	0.043	0.010	0.000	0.012	0.050	0.036	0.019	1	1	0	1	1	1	1	0.00	0.00	0.00	0.00	0.00	0.00	0.00	
-0.02620	-0.03620	-0.01620	14	0.05	80.00	Pyro-glu from Q/Loss of ammonia	Unannotated mass-shift 17.0024	NaN	NaN	NaN	0											1	4	2	2	2	1	2	0.011	0.040	0.034	0.025	0.033	0.018	0.039	1	3	2	1	1	1	1	100.00	100.00	50.00	100.00	100.00	0.00	100.00	
96.06020	96.05020	96.07020	20	0.05	0.00	Reduced acrolein addition +96		NaN	NaN	NaN	19	15.00	M	20.5	8	C	10.8	6				6	5	1	2	3	1	2	0.065	0.050	0.017	0.025	0.050	0.018	0.039	1	1	1	1	1	1	1	0.00	0.00	0.00	0.00	0.00	0.00	0.00	
389.67820	389.66820	389.68820	10	0.05	0.00	Unannotated mass-shift 389.6782		NaN	NaN	NaN	0											1	4	0	2	0	2	1	0.011	0.040	0.000	0.025	0.000	0.036	0.019	1	1	0	1	0	1	1	0.00	0.00	0.00	0.00	0.00	0.00	0.00	
262.18520	262.17520	262.19520	10	0.05	100.00	Iodoacetic acid derivative	Unannotated mass-shift 204.1754	NaN	NaN	NaN	9	90.00	R	16.8	9							1	1	1	2	2	2	1	0.011	0.010	0.017	0.025	0.033	0.036	0.019	1	1	1	1	1	1	1	100.00	100.00	100.00	100.00	100.00	100.00	100.00	
42.11620	42.10620	42.12620	10	0.05	100.00	Unannotated mass-shift 176.1390	Unannotated mass-shift -134.0244	NaN	NaN	NaN	10	100.00										0	2	0	4	0	2	2	0.000	0.020	0.000	0.050	0.000	0.036	0.039	0	1	0	1	0	1	1	0.00	100.00	0.00	100.00	0.00	100.00	100.00	
268.24940	268.23940	268.25940	11	0.05	0.00	Unannotated mass-shift 320.2046	Unannotated mass-shift -51.9598	NaN	NaN	NaN	11	100.00										3	2	2	2	1	0	1	0.032	0.020	0.034	0.025	0.017	0.000	0.019	1	1	1	1	1	0	1	0.00	0.00	0.00	0.00	0.00	0.00	0.00	
132.14700	132.13700	132.15700	25	0.05	14.29	Second isotopic peak	Unannotated mass-shift 130.1392	NaN	NaN	NaN	25	100.00	C	9.6	8	I	8.0	7	D	5.4	8	9	6	2	3	2	2	1	0.097	0.060	0.034	0.037	0.033	0.036	0.019	4	3	1	2	1	2	1	0.00	33.33	0.00	0.00	0.00	50.00	0.00	
295.17460	295.16460	295.18460	10	0.05	57.14	Unannotated mass-shift 295.1746		0.229	1170.8	NaN	10	90.00										3	2	2	2	1	0	0	0.032	0.020	0.034	0.025	0.017	0.000	0.000	2	2	1	1	1	0	0	50.00	50.00	100.00	100.00	0.00	0.00	0.00	
303.14760	303.13760	303.15760	14	0.05	92.86	Iodoacetic acid derivative	Unannotated mass-shift 245.1370	0.401	669.7	NaN	1	7.14										0	2	3	3	3	1	2	0.000	0.020	0.051	0.037	0.050	0.018	0.039	0	2	3	3	3	1	2	0.00	100.00	100.00	100.00	66.67	100.00	100.00	
0.03820	0.02820	0.04820	16	0.05	21.43	Unannotated mass-shift -96.0120	Reduced acrolein addition +96	0.285	20.4	NaN	1	6.25										2	3	2	1	3	2	3	0.022	0.030	0.034	0.012	0.050	0.036	0.058	2	3	1	1	3	2	2	0.00	66.67	0.00	0.00	0.00	50.00	0.00	
-140.94960	-140.95620	-140.93980	16	0.05	0.00	Third isotopic peak	Unannotated mass-shift -143.9472	NaN	NaN	NaN	16	37.50										7	2	1	4	0	0	2	0.075	0.020	0.017	0.050	0.000	0.000	0.039	5	2	1	4	0	0	1	0.00	0.00	0.00	0.00	0.00	0.00	0.00	
204.20120	204.19120	204.21120	29	0.04	30.00	Monolink of SMCC terminated with 3-(dimethylamino)-1-propylamine	Unannotated mass-shift -117.0084	NaN	NaN	NaN	29	89.66	K	10.9	6							9	7	1	3	0	4	5	0.097	0.070	0.017	0.037	0.000	0.071	0.097	2	1	1	2	0	2	2	0.00	100.00	0.00	50.00	0.00	50.00	0.00	
-21.94440	-21.95440	-21.93440	19	0.04	0.00	Unannotated mass-shift 95.0588	Unannotated mass-shift -117.0084	NaN	NaN	NaN	19	68.42										6	5	1	2	4	1	0	0.065	0.050	0.017	0.025	0.066	0.018	0.000	2	3	1	2	3	1	0	0.00	0.00	0.00	0.00	0.00	0.00	0.00	
303.17580	303.16580	303.18580	24	0.04	81.82	Isotopic peak error	cysteine-reactive Sixplex Tandem Mass Tag®	NaN	NaN	NaN	8	16.67										6	6	1	3	4	3	1	0.065	0.060	0.017	0.037	0.066	0.054	0.019	5	5	1	3	4	3	1	80.00	80.00	100.00	66.67	100.00	66.67	100.00	
-68.00280	-68.00560	-67.99280	11	0.04	0.00	Unannotated mass-shift -20.0066	Homoserine lactone/Prompt loss of side chain from oxidised Met	NaN	NaN	NaN	10	90.91										3	2	1	2	0	2	1	0.032	0.020	0.017	0.025	0.000	0.036	0.019	3	2	1	2	0	1	1	0.00	0.00	0.00	0.00	0.00	0.00	0.00	
-135.01160	-135.02160	-135.00160	23	0.04	0.00	First isotopic peak	Unannotated mass-shift -136.0096	NaN	NaN	NaN	1											4	7	2	8	2	0	0	0.043	0.070	0.034	0.099	0.033	0.000	0.000	2	1	1	1	1	0	0	0.00	0.00	0.00	0.00	0.00	0.00	0.00	
82.09040	82.08040	82.10040	12	0.04	0.00	Unannotated mass-shift 82.0904		NaN	NaN	NaN	12	91.67										1	3	2	1	2	1	2	0.011	0.030	0.034	0.012	0.033	0.018	0.039	1	2	1	1	2	1	2	0.00	0.00	0.00	0.00	0.00	0.00	0.00	
315.29300	315.28300	315.30300	16	0.04	0.00	Unannotated mass-shift 45.0756	Unannotated mass-shift 270.2252	NaN	NaN	NaN	16	100.00										3	3	2	1	3	2	2	0.032	0.030	0.034	0.012	0.050	0.036	0.039	1	1	1	1	1	1	1	0.00	0.00	0.00	0.00	0.00	0.00	0.00	
351.28160	351.27160	351.29160	20	0.04	0.00	Unannotated mass-shift 290.1940	Unannotated mass-shift 61.0890	NaN	NaN	NaN	20	80.00	K	22.0	9	E	4.8	7				3	2	3	2	3	3	4	0.032	0.020	0.051	0.025	0.050	0.054	0.077	2	1	2	1	1	1	3	0.00	0.00	0.00	0.00	0.00	0.00	0.00	
-67.89180	-67.90180	-67.88180	22	0.04	0.00	Unannotated mass-shift -67.8918		NaN	NaN	NaN	22		K	13.7	6							7	7	3	0	1	2	2	0.075	0.070	0.051	0.000	0.017	0.036	0.039	1	1	1	0	1	1	1	0.00	0.00	0.00	0.00	0.00	0.00	0.00	
145.16480	145.15480	145.17460	15	0.04	0.00	Unannotated mass-shift 63.0700	Unannotated mass-shift 82.0904	NaN	NaN	NaN	13	53.33										5	4	1	3	0	2	0	0.054	0.040	0.017	0.037	0.000	0.036	0.000	3	3	1	2	0	2	0	0.00	0.00	0.00	0.00	0.00	0.00	0.00	
354.23660	354.22660	354.24660	10	0.04	80.00	Unannotated mass-shift 305.1956	Unannotated mass-shift 49.0404	NaN	NaN	NaN	3	30.00										1	2	2	1	2	0	2	0.011	0.020	0.034	0.012	0.033	0.000	0.039	1	2	2	1	2	0	2	100.00	100.00	50.00	100.00	100.00	0.00	50.00	
-140.01660	-140.02660	-140.00660	24	0.04	0.00	First isotopic peak	Unannotated mass-shift -141.0212	NaN	NaN	NaN	12	45.83										6	3	3	5	2	3	2	0.065	0.030	0.051	0.062	0.033	0.054	0.039	3	2	2	2	1	2	1	0.00	0.00	0.00	0.00	0.00	0.00	0.00	
-50.01440	-50.02440	-50.00440	13	0.04	0.00	Unannotated mass-shift -50.0144		NaN	NaN	NaN	13	100.00										2	4	1	3	1	2	0	0.022	0.040	0.017	0.037	0.017	0.036	0.000	2	3	1	2	1	2	0	0.00	0.00	0.00	0.00	0.00	0.00	0.00	
-138.97120	-138.97630	-138.96780	10	0.04	0.00	First isotopic peak	Unannotated mass-shift -139.9794	NaN	NaN	NaN	4	30.00										2	2	1	1	0	1	3	0.022	0.020	0.017	0.012	0.000	0.018	0.058	2	2	1	1	0	1	3	0.00	0.00	0.00	0.00	0.00	0.00	0.00	
321.29760	321.28760	321.30760	13	0.04	58.33	Unannotated mass-shift -112.0072	Unannotated mass-shift 433.3070	NaN	NaN	NaN	5	7.69										0	3	3	1	2	1	3	0.000	0.030	0.051	0.012	0.033	0.018	0.058	0	3	3	1	2	1	2	0.00	33.33	66.67	100.00	50.00	100.00	50.00	
294.18960	294.18460	294.19960	16	0.04	46.15	cis-14-hydroxy-10,13-dioxo-7-heptadecenoic ester		NaN	NaN	NaN	16	100.00	P	8.5	9							3	4	2	2	2	1	2	0.032	0.040	0.034	0.025	0.033	0.018	0.039	2	2	2	2	2	1	2	100.00	100.00	50.00	0.00	0.00	0.00	50.00	
-111.94500	-111.95500	-111.93980	14	0.04	0.00	Unannotated mass-shift -111.9450		NaN	NaN	NaN	14	92.86										4	1	3	1	2	1	2	0.043	0.010	0.051	0.012	0.033	0.018	0.039	2	1	1	1	1	1	1	0.00	0.00	0.00	0.00	0.00	0.00	0.00	
367.24100	367.23100	367.25100	11	0.04	0.00	Representative mass and accurate mass for 113, 114, 116 & 117	Unannotated mass-shift 63.0300	NaN	NaN	NaN	11	100.00	K	25.0	6	L	5.6	6				2	2	1	2	2	0	2	0.022	0.020	0.017	0.025	0.033	0.000	0.039	1	1	1	1	1	0	2	0.00	0.00	0.00	0.00	0.00	0.00	0.00	
-7.97220	-7.98180	-7.96220	17	0.04	0.00	Unannotated mass-shift -7.9722		NaN	NaN	NaN	17	94.12										3	2	2	3	5	1	1	0.032	0.020	0.034	0.037	0.083	0.018	0.019	3	2	2	3	4	1	1	0.00	0.00	0.00	0.00	0.00	0.00	0.00	
11.05440	11.05170	11.06440	20	0.04	16.67	SILAC label		NaN	NaN	NaN	20	100.00	H	12.5	5	R	4.4	5				4	3	3	3	0	2	5	0.043	0.030	0.051	0.037	0.000	0.036	0.097	2	2	2	2	0	2	2	50.00	0.00	0.00	50.00	0.00	0.00	0.00	
308.22080	308.21340	308.23080	10	0.04	87.50	Representative mass and accurate mass for 113, 114, 116 & 117	4,4,5,5-D4 Lysine	0.468	126.7	NaN	8	50.00										5	3	0	1	1	0	0	0.054	0.030	0.000	0.012	0.017	0.000	0.000	3	3	0	1	1	0	0	66.67	100.00	0.00	100.00	100.00	0.00	0.00	
190.08960	190.07960	190.09960	14	0.04	14.29	Unannotated mass-shift 190.0896		0.330	2720.5	NaN	14	100.00	K	31.5	9							7	2	0	0	2	3	0	0.075	0.020	0.000	0.000	0.033	0.054	0.000	3	2	0	0	1	1	0	33.33	0.00	0.00	0.00	0.00	0.00	0.00	
247.14360	247.13360	247.15360	27	0.04	100.00	Second isotopic peak	Unannotated mass-shift 245.1370	0.477	5.6	NaN	26	88.89										22	3	0	0	0	0	2	0.237	0.030	0.000	0.000	0.000	0.000	0.039	19	3	0	0	0	0	2	100.00	100.00	0.00	0.00	0.00	0.00	100.00	
337.20200	337.19200	337.21200	55	0.04	96.77	First isotopic peak	Unannotated mass-shift 336.1986	0.559	162.5	NaN	18	21.82										14	8	2	12	8	6	5	0.151	0.080	0.034	0.149	0.133	0.107	0.097	10	4	2	5	5	3	2	100.00	100.00	100.00	100.00	80.00	100.00	100.00	
-66.01880	-66.02330	-66.01370	14	0.04	0.00	Dehydration/Pyro-glu from E	Homoserine lactone/Prompt loss of side chain from oxidised Met	NaN	NaN	NaN	14	71.43										5	3	0	2	1	2	1	0.054	0.030	0.000	0.025	0.017	0.036	0.019	2	2	0	2	1	2	1	0.00	0.00	0.00	0.00	0.00	0.00	0.00	
323.24560	323.23560	323.25560	15	0.04	100.00	Second isotopic peak	Unannotated mass-shift 321.2368	NaN	NaN	NaN	4	20.00										1	2	0	6	2	1	3	0.011	0.020	0.000	0.075	0.033	0.018	0.058	1	2	0	6	2	1	3	100.00	100.00	0.00	100.00	100.00	100.00	100.00	
-81.95620	-81.96620	-81.94620	13	0.04	0.00	Iodoacetic acid derivative	Unannotated mass-shift -139.9684	NaN	NaN	NaN	13	84.62										2	2	4	2	0	3	0	0.022	0.020	0.068	0.025	0.000	0.054	0.000	1	1	1	1	0	1	0	0.00	0.00	0.00	0.00	0.00	0.00	0.00	
302.23160	302.22570	302.24160	16	0.04	90.91	Isotopic peak error	Unannotated mass-shift 303.2254	NaN	NaN	NaN	16	100.00	T	16.6	16							2	3	1	3	2	2	3	0.022	0.030	0.017	0.037	0.033	0.036	0.058	1	2	1	2	2	1	2	100.00	100.00	100.00	50.00	100.00	100.00	100.00	
191.12320	191.11320	191.13320	10	0.04	28.57	Isotopic peak error	Unannotated mass-shift 192.1246	NaN	NaN	NaN	10	20.00										2	2	1	2	3	0	0	0.022	0.020	0.017	0.025	0.050	0.000	0.000	1	2	1	1	2	0	0	0.00	50.00	0.00	100.00	0.00	0.00	0.00	
91.09120	91.08120	91.09980	83	0.04	0.00	Second isotopic peak	Unannotated mass-shift 89.0812	NaN	NaN	NaN	83	100.00	R	5.1	25	T	4.0	19	G	3.8	25	12	14	11	13	16	6	11	0.129	0.139	0.187	0.161	0.266	0.107	0.213	1	2	1	1	1	1	1	0.00	0.00	0.00	0.00	0.00	0.00	0.00	
324.20100	324.19100	324.21100	10	0.04	100.00	Unannotated mass-shift 79.0634	Unannotated mass-shift 245.1370	0.124	2304.8	NaN	8	70.00										4	4	0	1	1	0	0	0.043	0.040	0.000	0.012	0.017	0.000	0.000	3	4	0	1	1	0	0	100.00	100.00	0.00	100.00	100.00	0.00	0.00	
190.17700	190.16700	190.18700	11	0.04	62.50	Unannotated mass-shift 190.1770		NaN	NaN	NaN	11	100.00										2	2	1	3	1	2	0	0.022	0.020	0.017	0.037	0.017	0.036	0.000	1	1	1	2	1	2	0	100.00	100.00	0.00	100.00	0.00	50.00	0.00	
-111.93460	-111.93980	-111.92460	65	0.04	0.00	Unannotated mass-shift -111.9346		NaN	NaN	NaN	65	92.31	C	6.2	13	Q	4.5	15	A	3.0	13	14	9	6	9	9	12	6	0.151	0.089	0.102	0.112	0.149	0.214	0.116	2	2	1	1	3	2	2	0.00	0.00	0.00	0.00	0.00	0.00	0.00	
-125.96280	-125.97280	-125.95740	13	0.04	0.00	Unannotated mass-shift -125.9628		NaN	NaN	NaN	13	92.31										2	3	2	1	1	2	2	0.022	0.030	0.034	0.012	0.017	0.036	0.039	1	2	2	1	1	2	1	0.00	0.00	0.00	0.00	0.00	0.00	0.00	
288.18500	288.17500	288.19500	20	0.04	58.33	Unannotated mass-shift -5.9902	cis-14-hydroxy-10,13-dioxo-7-heptadecenoic ester	NaN	NaN	NaN	16	75.00										5	4	2	4	3	1	1	0.054	0.040	0.034	0.050	0.050	0.018	0.019	3	2	2	2	1	1	1	100.00	50.00	100.00	50.00	0.00	0.00	0.00	
-138.98140	-138.99140	-138.97630	50	0.04	0.00	First isotopic peak	Unannotated mass-shift -139.9794	NaN	NaN	NaN	47	70.00	C	12.0	18	Q	3.3	8	V	2.6	9	10	9	8	5	6	5	7	0.108	0.089	0.136	0.062	0.100	0.089	0.136	4	5	6	3	4	1	5	0.00	0.00	0.00	0.00	0.00	0.00	0.00	
461.30520	461.29520	461.31520	12	0.03	10.00	Formylation	Unannotated mass-shift 433.3070	0.103	1575.4	NaN	4	25.00										1	3	3	0	2	3	0	0.011	0.030	0.051	0.000	0.033	0.054	0.000	1	3	2	0	2	2	0	0.00	33.33	0.00	0.00	0.00	0.00	0.00	
0.08080	0.07080	0.09080	12	0.03	50.00	Unannotated mass-shift -11.9220	formaldehyde adduct	0.457	4.7	NaN	7	58.33										1	1	1	5	2	2	0	0.011	0.010	0.017	0.062	0.033	0.036	0.000	1	1	1	4	2	1	0	0.00	0.00	100.00	75.00	50.00	0.00	0.00	
-88.92260	-88.93260	-88.91260	14	0.03	0.00	Unannotated mass-shift -139.9794	Unannotated mass-shift 51.0574	NaN	NaN	NaN	14	92.86										2	2	2	2	2	2	2	0.022	0.020	0.034	0.025	0.033	0.036	0.039	1	1	1	1	1	1	1	0.00	0.00	0.00	0.00	0.00	0.00	0.00	
1.05100	1.04100	1.06100	10	0.03	50.00	Unannotated mass-shift 51.0574	Unannotated mass-shift -50.0144	NaN	NaN	NaN	10	100.00										1	1	0	1	3	1	3	0.011	0.010	0.000	0.012	0.050	0.018	0.058	1	1	0	1	1	1	1	0.00	100.00	0.00	100.00	0.00	100.00	0.00	
47.06040	47.05040	47.06700	10	0.03	0.00	Unannotated mass-shift 95.0588	Homoserine lactone/Prompt loss of side chain from oxidised Met	NaN	NaN	NaN	10	100.00	T	8.9	5							3	4	1	1	0	1	0	0.032	0.040	0.017	0.012	0.000	0.018	0.000	3	3	1	1	0	1	0	0.00	0.00	0.00	0.00	0.00	0.00	0.00	
289.25260	289.24260	289.26260	14	0.03	8.33	Unannotated mass-shift 35.0246	Unannotated mass-shift 254.2304	NaN	NaN	NaN	14	78.57										3	3	0	3	2	1	2	0.032	0.030	0.000	0.037	0.033	0.018	0.039	2	2	0	3	2	1	2	0.00	0.00	0.00	0.00	0.00	100.00	0.00	
253.19580	253.18580	253.20580	18	0.03	0.00	Unannotated mass-shift -65.0272	Unannotated mass-shift 318.2246	NaN	NaN	NaN	17	83.33										4	5	2	2	4	1	0	0.043	0.050	0.034	0.025	0.066	0.018	0.000	2	2	1	2	2	1	0	0.00	0.00	0.00	0.00	0.00	0.00	0.00	
47.07360	47.06700	47.08360	14	0.03	0.00	Second isotopic peak	Unannotated mass-shift 45.0756	NaN	NaN	NaN	14	100.00										5	3	3	2	0	1	0	0.054	0.030	0.051	0.025	0.000	0.018	0.000	3	1	3	2	0	1	0	0.00	0.00	0.00	0.00	0.00	0.00	0.00	
344.30700	344.29700	344.31700	10	0.03	50.00	Unannotated mass-shift 7.0782	Unannotated mass-shift 337.2332	NaN	NaN	NaN	10	100.00										1	1	1	3	0	3	1	0.011	0.010	0.017	0.037	0.000	0.054	0.019	1	1	1	1	0	1	1	0.00	100.00	0.00	100.00	0.00	100.00	0.00	
166.16620	166.15620	166.17620	10	0.03	0.00	Unannotated mass-shift 305.1956	Unannotated mass-shift -139.0392	NaN	NaN	NaN	10	100.00										1	2	2	1	0	3	1	0.011	0.020	0.034	0.012	0.000	0.054	0.019	1	1	1	1	0	1	1	0.00	0.00	0.00	0.00	0.00	0.00	0.00	
-108.93100	-108.94100	-108.92100	14	0.03	0.00	Third isotopic peak	Unannotated mass-shift -111.9450	NaN	NaN	NaN	1											3	1	0	2	2	3	3	0.032	0.010	0.000	0.025	0.033	0.054	0.058	1	1	0	1	1	2	1	0.00	0.00	0.00	0.00	0.00	0.00	0.00	
-130.96880	-130.97880	-130.95880	48	0.03	0.00	Unannotated mass-shift -130.9688		NaN	NaN	NaN	48	83.33	C	6.0	9	V	4.2	15	Q	2.9	7	14	6	5	8	4	5	6	0.151	0.060	0.085	0.099	0.066	0.089	0.116	7	4	3	4	3	4	5	0.00	0.00	0.00	0.00	0.00	0.00	0.00	
1.02360	1.01400	1.03360	22	0.03	63.16	Unannotated mass-shift 105.0766	Unannotated mass-shift -104.0554	0.796	1.4	NaN	5											11	7	0	2	2	0	0	0.118	0.070	0.000	0.025	0.033	0.000	0.000	10	5	0	2	2	0	0	50.00	100.00	0.00	0.00	100.00	0.00	0.00	
-80.96360	-80.97360	-80.95360	10	0.03	0.00	Unannotated mass-shift -87.9970	Label:2H(6)15N(1)	NaN	NaN	NaN	10	100.00										2	2	2	2	2	0	0	0.022	0.020	0.034	0.025	0.033	0.000	0.000	1	1	1	1	1	0	0	0.00	0.00	0.00	0.00	0.00	0.00	0.00	
21.13780	21.12780	21.14780	12	0.03	0.00	Unannotated mass-shift -65.0272	Unannotated mass-shift 86.1746	NaN	NaN	NaN	12	83.33										2	1	3	1	2	2	1	0.022	0.010	0.051	0.012	0.033	0.036	0.019	1	1	1	1	1	1	1	0.00	0.00	0.00	0.00	0.00	0.00	0.00	
-24.00040	-24.01040	-23.99040	29	0.03	0.00	Formylation	Unannotated mass-shift -52.0046	NaN	NaN	NaN	29	75.86	K	15.3	9	S	2.7	7	L	2.4	6	7	8	4	1	2	5	2	0.075	0.080	0.068	0.012	0.033	0.089	0.039	4	2	3	1	1	1	1	0.00	0.00	0.00	0.00	0.00	0.00	0.00	
304.27760	304.26760	304.28760	16	0.03	81.25	Unannotated mass-shift 304.2776		NaN	NaN	NaN	3	6.25										3	2	2	3	1	2	3	0.032	0.020	0.034	0.037	0.017	0.036	0.058	3	2	2	3	1	2	3	100.00	100.00	50.00	66.67	100.00	100.00	66.67	
-60.94580	-60.95580	-60.93580	17	0.03	0.00	Unannotated mass-shift -112.0072	Unannotated mass-shift 51.0574	NaN	NaN	NaN	17		K	21.4	7							1	5	0	4	4	2	1	0.011	0.050	0.000	0.050	0.066	0.036	0.019	1	1	0	1	1	1	1	0.00	0.00	0.00	0.00	0.00	0.00	0.00	
5.05960	5.05560	5.06960	12	0.03	0.00	mTRAQ heavy	Unannotated mass-shift -143.0480	NaN	NaN	NaN	9	75.00										2	4	1	1	0	2	2	0.022	0.040	0.017	0.012	0.000	0.036	0.039	2	3	1	1	0	2	2	0.00	0.00	0.00	0.00	0.00	0.00	0.00	
303.27180	303.26180	303.27560	13	0.03	92.31	Isotopic peak error	Unannotated mass-shift 304.2776	NaN	NaN	NaN	1											3	3	1	3	1	1	1	0.032	0.030	0.017	0.037	0.017	0.018	0.019	3	3	1	3	1	1	1	100.00	66.67	100.00	100.00	100.00	100.00	100.00	
-15.97540	-15.98540	-15.96540	10	0.03	33.33	Unannotated mass-shift 79.0634	Unannotated mass-shift -95.0380	NaN	NaN	NaN	10	90.00										2	3	0	1	2	2	0	0.022	0.030	0.000	0.012	0.033	0.036	0.000	1	2	0	1	1	1	0	0.00	0.00	0.00	100.00	100.00	0.00	0.00	
